id,report_date,occured_date,occured_time,area,crime,victim_age,victim_sex,victim_descent,premise,weapon,status,lat,lon
1307355,2010-02-20,2010-02-20,13:50,Newton,VIOLATION OF COURT ORDER,48,M,Hispanic/Latin/Mexican,SINGLE FAMILY DWELLING,,Adult Arrest,33.9825,-118.2695
11401303,2010-09-13,2010-09-12,00:45,Pacific,"VANDALISM - FELONY ($400 & OVER, ALL CHURCH VANDALISMS)",0,M,White,STREET,,Invest Cont,33.9599,-118.3962
70309629,2010-08-09,2010-08-09,15:15,Newton,OTHER MISCELLANEOUS CRIME,0,M,Hispanic/Latin/Mexican,ALLEY,,Invest Cont,34.0224,-118.2524
90631215,2010-01-05,2010-01-05,01:50,Hollywood,VIOLATION OF COURT ORDER,47,F,White,STREET,HAND GUN,Invest Cont,34.1016,-118.3295
100100501,2010-01-03,2010-01-02,21:00,Central,"RAPE, ATTEMPTED",47,F,Hispanic/Latin/Mexican,ALLEY,"STRONG-ARM (HANDS, FIST, FEET OR BODILY FORCE)",Invest Cont,34.0387,-118.2488
100100506,2010-01-05,2010-01-04,16:50,Central,SHOPLIFTING - PETTY THEFT ($950 & UNDER),23,M,Black,DEPARTMENT STORE,,Adult Arrest,34.048,-118.2577
100100508,2010-01-08,2010-01-07,20:05,Central,BURGLARY FROM VEHICLE,46,M,Hispanic/Latin/Mexican,STREET,,Invest Cont,34.0389,-118.2643
100100509,2010-01-09,2010-01-08,21:00,Central,"ASSAULT WITH DEADLY WEAPON, AGGRAVATED ASSAULT",51,M,Black,OTHER PREMISE,UNKNOWN WEAPON/OTHER WEAPON,Adult Arrest,34.0435,-118.2427
100100510,2010-01-09,2010-01-09,02:30,Central,"ASSAULT WITH DEADLY WEAPON, AGGRAVATED ASSAULT",30,M,Hispanic/Latin/Mexican,PARKING LOT,"STRONG-ARM (HANDS, FIST, FEET OR BODILY FORCE)",Invest Cont,34.045,-118.264
100100511,2010-01-09,2010-01-06,21:00,Central,"THEFT-GRAND ($950.01 & OVER)EXCPT,GUNS,FOWL,LIVESTK,PROD",55,M,White,OTHER PREMISE,,Invest Cont,34.0538,-118.2488
100100521,2010-01-14,2010-01-14,14:45,Central,BATTERY - SIMPLE ASSAULT,38,F,Black,STREET,"STRONG-ARM (HANDS, FIST, FEET OR BODILY FORCE)",Invest Cont,34.064,-118.2375
100100522,2010-01-15,2010-01-14,20:00,Central,ROBBERY,40,M,Hispanic/Latin/Mexican,STREET,"STRONG-ARM (HANDS, FIST, FEET OR BODILY FORCE)",Adult Other,34.035,-118.2386
100100523,2010-01-15,2010-01-15,02:45,Central,"VANDALISM - FELONY ($400 & OVER, ALL CHURCH VANDALISMS)",24,F,White,SIDEWALK,,Adult Arrest,34.0409,-118.2609
100100529,2010-01-16,2010-01-15,17:45,Central,BOMB SCARE,29,F,Black,LIBRARY,UNKNOWN WEAPON/OTHER WEAPON,Invest Cont,34.0502,-118.254
100100531,2010-01-16,2010-01-15,20:30,Central,ROBBERY,47,M,Other Asian,SIDEWALK,"STRONG-ARM (HANDS, FIST, FEET OR BODILY FORCE)",Invest Cont,34.0515,-118.2424
100100535,2010-01-17,2010-01-16,17:35,Central,OTHER MISCELLANEOUS CRIME,41,M,White,ALLEY,,Invest Cont,34.0389,-118.255
100100552,2010-01-23,2010-01-23,12:25,Central,CHILD NEGLECT (SEE 300 W.I.C.),11,M,Hispanic/Latin/Mexican,"MULTI-UNIT DWELLING (APARTMENT, DUPLEX, ETC)",,Invest Cont,34.0401,-118.2668
100100553,2010-01-23,2010-01-23,11:00,Central,ROBBERY,50,M,White,STREET,"STRONG-ARM (HANDS, FIST, FEET OR BODILY FORCE)",Invest Cont,34.0428,-118.2461
100100555,2010-01-23,2010-01-23,20:00,Central,INTIMATE PARTNER - AGGRAVATED ASSAULT,18,F,White,"MULTI-UNIT DWELLING (APARTMENT, DUPLEX, ETC)","STRONG-ARM (HANDS, FIST, FEET OR BODILY FORCE)",Invest Cont,34.0545,-118.2499
100100561,2010-01-26,2010-01-26,18:20,Central,ROBBERY,37,M,Hispanic/Latin/Mexican,SIDEWALK,"STRONG-ARM (HANDS, FIST, FEET OR BODILY FORCE)",Adult Arrest,34.0563,-118.2374
100100562,2010-01-28,2010-01-28,23:45,Central,INTIMATE PARTNER - SIMPLE ASSAULT,28,M,Other,PARKING LOT,"STRONG-ARM (HANDS, FIST, FEET OR BODILY FORCE)",Invest Cont,34.0502,-118.254
100100564,2010-01-30,2010-01-29,16:30,Central,BURGLARY FROM VEHICLE,25,F,White,STREET,,Invest Cont,34.0454,-118.236
100100570,2010-01-31,2010-01-31,01:30,Central,THEFT PLAIN - PETTY ($950 & UNDER),31,M,Hispanic/Latin/Mexican,RESTAURANT/FAST FOOD,,Invest Cont,34.0472,-118.2371
100100571,2010-01-31,2010-01-31,10:00,Central,BATTERY - SIMPLE ASSAULT,36,F,Hispanic/Latin/Mexican,SINGLE FAMILY DWELLING,"STRONG-ARM (HANDS, FIST, FEET OR BODILY FORCE)",Adult Other,34.0382,-118.2665
100100572,2010-02-01,2010-01-31,17:00,Central,"ASSAULT WITH DEADLY WEAPON, AGGRAVATED ASSAULT",61,F,Black,SIDEWALK,UNKNOWN WEAPON/OTHER WEAPON,Adult Other,34.0423,-118.2452
100100573,2010-02-01,2010-01-31,22:00,Central,INTIMATE PARTNER - SIMPLE ASSAULT,50,M,Black,"MULTI-UNIT DWELLING (APARTMENT, DUPLEX, ETC)","STRONG-ARM (HANDS, FIST, FEET OR BODILY FORCE)",Invest Cont,34.046,-118.2509
100100574,2010-02-01,2010-01-31,19:30,Central,BATTERY - SIMPLE ASSAULT,40,M,White,BAR/COCKTAIL/NIGHTCLUB,"STRONG-ARM (HANDS, FIST, FEET OR BODILY FORCE)",Adult Other,34.0461,-118.2476
100100575,2010-02-01,2010-01-31,17:20,Central,"THEFT-GRAND ($950.01 & OVER)EXCPT,GUNS,FOWL,LIVESTK,PROD",36,M,White,OTHER PREMISE,,Adult Arrest,34.0437,-118.2652
100100578,2010-02-05,2010-02-03,12:55,Central,OTHER MISCELLANEOUS CRIME,27,M,Hispanic/Latin/Mexican,OTHER PREMISE,,Invest Cont,34.0357,-118.2563
100100580,2010-02-02,2010-02-01,13:55,Central,CRIMINAL THREATS - NO WEAPON DISPLAYED,48,F,Black,"MULTI-UNIT DWELLING (APARTMENT, DUPLEX, ETC)",VERBAL THREAT,Adult Other,34.0394,-118.2405
100100581,2010-02-05,2010-02-05,14:25,Central,BATTERY - SIMPLE ASSAULT,32,F,Hispanic/Latin/Mexican,STREET,"STRONG-ARM (HANDS, FIST, FEET OR BODILY FORCE)",Adult Arrest,34.0446,-118.245
100100586,2010-02-06,2010-02-06,01:10,Central,BATTERY - SIMPLE ASSAULT,36,F,Hispanic/Latin/Mexican,BAR/COCKTAIL/NIGHTCLUB,"STRONG-ARM (HANDS, FIST, FEET OR BODILY FORCE)",Invest Cont,34.045,-118.264
100100587,2010-02-05,2010-02-05,20:30,Central,BATTERY - SIMPLE ASSAULT,45,F,Black,HOTEL,UNKNOWN WEAPON/OTHER WEAPON,Invest Cont,34.0439,-118.2514
100100591,2010-02-10,2010-02-08,16:25,Central,BURGLARY FROM VEHICLE,22,F,White,PARKING LOT,,Invest Cont,34.0415,-118.2654
100100592,2010-02-08,2010-02-08,18:00,Central,THEFT PLAIN - PETTY ($950 & UNDER),23,M,Hispanic/Latin/Mexican,OTHER BUSINESS,,Adult Arrest,34.048,-118.2577
100100608,2010-02-11,2010-02-10,19:00,Central,ATTEMPTED ROBBERY,27,M,Hispanic/Latin/Mexican,RESTAURANT/FAST FOOD,"STRONG-ARM (HANDS, FIST, FEET OR BODILY FORCE)",Adult Arrest,34.0502,-118.2574
100100610,2010-02-11,2010-02-10,18:00,Central,SHOPLIFTING - PETTY THEFT ($950 & UNDER),23,M,Black,DEPARTMENT STORE,,Adult Arrest,34.048,-118.2577
100100616,2010-02-11,2010-02-11,15:15,Central,"THEFT-GRAND ($950.01 & OVER)EXCPT,GUNS,FOWL,LIVESTK,PROD",0,M,Hispanic/Latin/Mexican,SIDEWALK,,Adult Arrest,34.0389,-118.2643
100100622,2010-02-13,2010-02-13,00:55,Central,BATTERY - SIMPLE ASSAULT,24,M,Other,STREET,"STRONG-ARM (HANDS, FIST, FEET OR BODILY FORCE)",Invest Cont,34.045,-118.264
100100623,2010-02-13,2010-02-13,01:50,Central,VANDALISM - MISDEAMEANOR ($399 OR UNDER),22,F,White,RESTAURANT/FAST FOOD,,Adult Arrest,34.0559,-118.2296
100100628,2010-02-15,2010-02-14,15:00,Central,"ASSAULT WITH DEADLY WEAPON, AGGRAVATED ASSAULT",40,M,Hispanic/Latin/Mexican,"MULTI-UNIT DWELLING (APARTMENT, DUPLEX, ETC)","STRONG-ARM (HANDS, FIST, FEET OR BODILY FORCE)",Adult Arrest,34.0426,-118.2412
100100630,2010-02-15,2010-02-15,01:00,Central,ROBBERY,22,F,Other,STREET,"STRONG-ARM (HANDS, FIST, FEET OR BODILY FORCE)",Invest Cont,34.0544,-118.2466
100100632,2010-02-16,2010-02-16,15:40,Central,INTIMATE PARTNER - SIMPLE ASSAULT,22,F,Hispanic/Latin/Mexican,SIDEWALK,"STRONG-ARM (HANDS, FIST, FEET OR BODILY FORCE)",Invest Cont,34.0449,-118.2415
100100633,2010-02-17,2010-02-17,17:25,Central,VANDALISM - MISDEAMEANOR ($399 OR UNDER),35,M,Hispanic/Latin/Mexican,OTHER STORE,,Invest Cont,34.0481,-118.2507
100100634,2010-02-20,2010-02-19,20:40,Central,BATTERY - SIMPLE ASSAULT,44,M,Other,SIDEWALK,"STRONG-ARM (HANDS, FIST, FEET OR BODILY FORCE)",Adult Other,34.048,-118.2577
100100635,2010-02-20,2010-02-19,20:30,Central,BATTERY - SIMPLE ASSAULT,50,M,Other,STREET,"STRONG-ARM (HANDS, FIST, FEET OR BODILY FORCE)",Adult Other,34.048,-118.2577
100100638,2010-02-20,2010-02-20,01:00,Central,"VANDALISM - FELONY ($400 & OVER, ALL CHURCH VANDALISMS)",0,M,Other,STREET,,Adult Arrest,34.0439,-118.2514
100100639,2010-02-20,2010-02-20,02:30,Central,INTIMATE PARTNER - SIMPLE ASSAULT,25,F,Hispanic/Latin/Mexican,"MULTI-UNIT DWELLING (APARTMENT, DUPLEX, ETC)","STRONG-ARM (HANDS, FIST, FEET OR BODILY FORCE)",Adult Arrest,34.0453,-118.2499
100100642,2010-02-21,2010-02-21,05:00,Central,INTIMATE PARTNER - SIMPLE ASSAULT,35,F,Black,SINGLE FAMILY DWELLING,,Invest Cont,34.0431,-118.2536
100100650,2010-02-25,2010-02-25,00:30,Central,BURGLARY,20,F,Other Asian,"MULTI-UNIT DWELLING (APARTMENT, DUPLEX, ETC)",,Invest Cont,34.0617,-118.2469
100100651,2010-02-26,2010-02-25,23:30,Central,INTIMATE PARTNER - AGGRAVATED ASSAULT,23,F,Hispanic/Latin/Mexican,PARKING LOT,"STRONG-ARM (HANDS, FIST, FEET OR BODILY FORCE)",Adult Arrest,34.0394,-118.2496
100100654,2010-02-27,2010-02-27,19:55,Central,OTHER MISCELLANEOUS CRIME,0,M,White,STREET,,Adult Arrest,34.0445,-118.2523
100100655,2010-02-28,2010-02-28,00:15,Central,BATTERY - SIMPLE ASSAULT,20,M,Hispanic/Latin/Mexican,SIDEWALK,"STRONG-ARM (HANDS, FIST, FEET OR BODILY FORCE)",Invest Cont,34.0524,-118.2467
100100657,2010-03-01,2010-02-28,22:00,Central,INTIMATE PARTNER - SIMPLE ASSAULT,25,F,Hispanic/Latin/Mexican,"MULTI-UNIT DWELLING (APARTMENT, DUPLEX, ETC)","STRONG-ARM (HANDS, FIST, FEET OR BODILY FORCE)",Adult Arrest,34.0389,-118.2643
100100658,2010-03-01,2010-03-01,03:05,Central,VANDALISM - MISDEAMEANOR ($399 OR UNDER),40,M,White,OTHER BUSINESS,,Invest Cont,34.0459,-118.2579
100114820,2010-08-01,2010-08-01,02:50,Central,ROBBERY,33,M,Hispanic/Latin/Mexican,STREET,SIMULATED GUN,Invest Cont,34.0384,-118.2646
100100659,2010-02-28,2010-02-28,18:25,Central,INTIMATE PARTNER - SIMPLE ASSAULT,44,F,White,"GOVERNMENT FACILITY (FEDERAL,STATE, COUNTY & CITY)",,Adult Arrest,34.0485,-118.2447
100100660,2010-03-01,2010-03-01,01:00,Central,ARSON,0,M,Other,STREET,,Invest Cont,34.0435,-118.2427
100100661,2010-03-01,2010-03-01,04:10,Central,VANDALISM - MISDEAMEANOR ($399 OR UNDER),26,M,Hispanic/Latin/Mexican,OTHER BUSINESS,,Invest Cont,34.0503,-118.2504
100100672,2010-03-06,2010-03-06,04:20,Central,"RAPE, FORCIBLE",28,F,Hispanic/Latin/Mexican,HOTEL,"STRONG-ARM (HANDS, FIST, FEET OR BODILY FORCE)",Adult Other,34.0535,-118.256
100100676,2010-03-07,2010-03-06,19:30,Central,VANDALISM - MISDEAMEANOR ($399 OR UNDER),44,M,Hispanic/Latin/Mexican,"MULTI-UNIT DWELLING (APARTMENT, DUPLEX, ETC)",,Invest Cont,34.0695,-118.2324
100100690,2010-03-11,2010-03-11,23:00,Central,VANDALISM - MISDEAMEANOR ($399 OR UNDER),26,M,White,"VEHICLE, PASSENGER/TRUCK",,Adult Other,34.0416,-118.262
100100691,2010-03-11,2010-03-11,21:10,Central,BATTERY - SIMPLE ASSAULT,40,F,White,SIDEWALK,"STRONG-ARM (HANDS, FIST, FEET OR BODILY FORCE)",Invest Cont,34.0446,-118.249
100100693,2010-03-12,2010-03-11,08:15,Central,BATTERY - SIMPLE ASSAULT,52,F,Hispanic/Latin/Mexican,MUNICIPAL BUS LINE INCLUDES LADOT/DASH,"STRONG-ARM (HANDS, FIST, FEET OR BODILY FORCE)",Invest Cont,34.053,-118.2444
100100694,2010-03-12,2010-03-12,09:30,Central,"ASSAULT WITH DEADLY WEAPON, AGGRAVATED ASSAULT",62,M,Hispanic/Latin/Mexican,STREET,UNKNOWN WEAPON/OTHER WEAPON,Adult Other,34.0435,-118.2471
100100697,2010-03-12,2010-03-12,15:20,Central,"THEFT-GRAND ($950.01 & OVER)EXCPT,GUNS,FOWL,LIVESTK,PROD",0,M,Unknown,STREET,,Adult Arrest,34.0499,-118.2614
100100706,2010-03-13,2010-03-13,16:15,Central,BATTERY - SIMPLE ASSAULT,39,F,Black,SIDEWALK,"STRONG-ARM (HANDS, FIST, FEET OR BODILY FORCE)",Invest Cont,34.0452,-118.2534
100100708,2010-03-14,2010-03-14,08:00,Central,ATTEMPTED ROBBERY,50,M,Black,SIDEWALK,FOLDING KNIFE,Invest Cont,34.0407,-118.2468
100100711,2010-03-14,2010-03-12,17:00,Central,CRIMINAL THREATS - NO WEAPON DISPLAYED,54,M,Other,"GOVERNMENT FACILITY (FEDERAL,STATE, COUNTY & CITY)",VERBAL THREAT,Invest Cont,34.0502,-118.254
100100713,2010-03-14,2010-03-14,20:00,Central,BRANDISH WEAPON,76,M,Hispanic/Latin/Mexican,OTHER PREMISE,OTHER KNIFE,Invest Cont,34.0442,-118.2439
100100714,2010-03-15,2010-03-14,20:50,Central,BATTERY - SIMPLE ASSAULT,16,F,Hispanic/Latin/Mexican,OTHER STORE,"STRONG-ARM (HANDS, FIST, FEET OR BODILY FORCE)",Invest Cont,34.0451,-118.2604
100100715,2010-03-15,2010-03-15,00:01,Central,INTIMATE PARTNER - SIMPLE ASSAULT,21,F,Hispanic/Latin/Mexican,"MULTI-UNIT DWELLING (APARTMENT, DUPLEX, ETC)","STRONG-ARM (HANDS, FIST, FEET OR BODILY FORCE)",Invest Cont,34.0407,-118.2468
100100716,2010-03-14,2010-03-14,23:05,Central,VANDALISM - MISDEAMEANOR ($399 OR UNDER),22,M,Hispanic/Latin/Mexican,SIDEWALK,,Adult Arrest,34.0384,-118.2305
100100719,2010-03-16,2010-03-16,16:50,Central,BATTERY - SIMPLE ASSAULT,57,F,Black,HOTEL,UNKNOWN WEAPON/OTHER WEAPON,Invest Cont,34.0446,-118.245
100100723,2010-03-18,2010-03-18,02:50,Central,VANDALISM - MISDEAMEANOR ($399 OR UNDER),18,F,Hispanic/Latin/Mexican,PAWN SHOP,,Invest Cont,34.0424,-118.2493
100100724,2010-03-18,2010-03-18,00:15,Central,"ASSAULT WITH DEADLY WEAPON, AGGRAVATED ASSAULT",34,M,White,RESTAURANT/FAST FOOD,MACE/PEPPER SPRAY,Adult Arrest,34.0482,-118.2472
100100725,2010-03-18,2010-03-18,00:15,Central,"ASSAULT WITH DEADLY WEAPON, AGGRAVATED ASSAULT",27,F,White,RESTAURANT/FAST FOOD,MACE/PEPPER SPRAY,Adult Arrest,34.0482,-118.2472
100100726,2010-03-19,2010-03-19,10:00,Newton,BATTERY - SIMPLE ASSAULT,32,F,Hispanic/Latin/Mexican,OTHER BUSINESS,"STRONG-ARM (HANDS, FIST, FEET OR BODILY FORCE)",Invest Cont,34.0371,-118.2475
100100728,2010-03-19,2010-03-19,11:40,Central,ROBBERY,33,M,White,OTHER RESIDENCE,"STRONG-ARM (HANDS, FIST, FEET OR BODILY FORCE)",Invest Cont,34.0446,-118.245
100100730,2010-03-23,2010-03-20,12:15,Central,THROWING OBJECT AT MOVING VEHICLE,26,M,Black,"VEHICLE, PASSENGER/TRUCK",,Invest Cont,34.0627,-118.2463
100100731,2010-03-21,2010-03-21,03:20,Central,BURGLARY FROM VEHICLE,48,M,Other,STREET,,Adult Arrest,34.0635,-118.2458
100100733,2010-03-21,2010-03-21,10:00,Northeast,OTHER MISCELLANEOUS CRIME,0,M,White,SIDEWALK,,Invest Cont,34.0917,-118.2741
100100734,2010-03-21,2010-03-21,13:15,Central,BATTERY - SIMPLE ASSAULT,65,M,White,SINGLE FAMILY DWELLING,"STRONG-ARM (HANDS, FIST, FEET OR BODILY FORCE)",Invest Cont,34.0452,-118.2534
100100736,2010-03-22,2010-03-22,13:30,Central,SHOPLIFTING-GRAND THEFT ($950.01 & OVER),23,M,Black,DEPARTMENT STORE,,Invest Cont,34.048,-118.2577
100100738,2010-03-22,2010-03-19,17:30,Central,CHILD ABUSE (PHYSICAL) - SIMPLE ASSAULT,5,M,White,"MULTI-UNIT DWELLING (APARTMENT, DUPLEX, ETC)","STRONG-ARM (HANDS, FIST, FEET OR BODILY FORCE)",Adult Arrest,34.0317,-118.2641
100100740,2010-03-25,2010-03-22,19:15,Central,"ASSAULT WITH DEADLY WEAPON, AGGRAVATED ASSAULT",49,M,White,STREET,"STRONG-ARM (HANDS, FIST, FEET OR BODILY FORCE)",Invest Cont,34.0516,-118.2526
100100741,2010-03-24,2010-03-22,20:30,Central,THEFT PLAIN - PETTY ($950 & UNDER),23,M,Black,OTHER BUSINESS,,Adult Arrest,34.048,-118.2577
100100743,2010-03-25,2010-03-23,01:25,Central,BURGLARY,57,M,Other,OTHER BUSINESS,,Invest Cont,34.032,-118.2667
100100744,2010-03-23,2010-03-23,02:30,Central,"VANDALISM - FELONY ($400 & OVER, ALL CHURCH VANDALISMS)",62,M,White,SINGLE FAMILY DWELLING,,Invest Cont,34.0717,-118.2493
100100751,2010-03-24,2010-03-24,20:15,Central,BATTERY - SIMPLE ASSAULT,58,M,Hispanic/Latin/Mexican,SIDEWALK,"STRONG-ARM (HANDS, FIST, FEET OR BODILY FORCE)",Invest Cont,34.0446,-118.245
100100753,2010-03-25,2010-03-25,02:40,Central,OTHER MISCELLANEOUS CRIME,32,F,Hispanic/Latin/Mexican,"MULTI-UNIT DWELLING (APARTMENT, DUPLEX, ETC)",,Adult Arrest,34.0475,-118.2657
100100756,2010-03-27,2010-03-27,05:30,Central,INTIMATE PARTNER - SIMPLE ASSAULT,32,F,Other,HOTEL,"STRONG-ARM (HANDS, FIST, FEET OR BODILY FORCE)",Adult Other,34.0454,-118.2657
100100757,2010-03-27,2010-03-27,11:40,Central,BATTERY - SIMPLE ASSAULT,56,M,Other,JEWELRY STORE,MACE/PEPPER SPRAY,Invest Cont,34.0474,-118.2531
100100758,2010-03-27,2010-03-26,15:00,Central,OTHER MISCELLANEOUS CRIME,46,M,Black,"MULTI-UNIT DWELLING (APARTMENT, DUPLEX, ETC)",,Invest Cont,34.0496,-118.2458
100100759,2010-03-28,2010-03-28,00:55,Central,SHOTS FIRED AT INHABITED DWELLING,18,F,Black,WAREHOUSE,HAND GUN,Invest Cont,34.0449,-118.2415
100100760,2010-03-28,2010-03-28,01:00,Central,OTHER MISCELLANEOUS CRIME,45,M,White,RESTAURANT/FAST FOOD,,Invest Cont,34.045,-118.264
100100764,2010-04-01,2010-03-29,23:20,Central,"VANDALISM - FELONY ($400 & OVER, ALL CHURCH VANDALISMS)",0,M,Other,OTHER BUSINESS,,Invest Cont,34.0373,-118.2503
100100765,2010-03-31,2010-03-31,15:15,Central,CRIMINAL THREATS - NO WEAPON DISPLAYED,59,M,Hispanic/Latin/Mexican,SINGLE FAMILY DWELLING,VERBAL THREAT,Adult Arrest,34.0635,-118.2426
100100773,2010-04-03,2010-04-03,00:01,Central,VANDALISM - MISDEAMEANOR ($399 OR UNDER),31,F,Other,"VEHICLE, PASSENGER/TRUCK",,Invest Cont,34.0644,-118.2387
100100777,2010-04-06,2010-04-05,19:40,Central,"ASSAULT WITH DEADLY WEAPON, AGGRAVATED ASSAULT",24,M,Hispanic/Latin/Mexican,OTHER PREMISE,STICK,Adult Arrest,34.0442,-118.2439
100100781,2010-04-05,2010-04-02,19:00,Central,VANDALISM - MISDEAMEANOR ($399 OR UNDER),46,M,Black,PARKING LOT,,Invest Cont,34.0537,-118.2455
100100786,2010-04-08,2010-04-08,02:20,Central,VEHICLE - STOLEN,31,M,White,STREET,,Invest Cont,34.0481,-118.2633
100100788,2010-04-08,2010-04-08,09:20,Central,"ASSAULT WITH DEADLY WEAPON, AGGRAVATED ASSAULT",41,M,Hispanic/Latin/Mexican,STREET,"STRONG-ARM (HANDS, FIST, FEET OR BODILY FORCE)",Adult Arrest,34.046,-118.2509
100100792,2010-04-10,2010-04-10,17:10,Central,ROBBERY,61,M,Other,OTHER STORE,HAND GUN,Invest Cont,34.0496,-118.2458
100100797,2010-04-14,2010-04-11,02:00,Central,"ASSAULT WITH DEADLY WEAPON, AGGRAVATED ASSAULT",30,M,Hispanic/Latin/Mexican,SIDEWALK,UNKNOWN WEAPON/OTHER WEAPON,Invest Cont,34.0524,-118.2467
100100799,2010-04-12,2010-04-12,17:00,Central,"VANDALISM - FELONY ($400 & OVER, ALL CHURCH VANDALISMS)",23,F,Hispanic/Latin/Mexican,"VEHICLE, PASSENGER/TRUCK",,Invest Cont,34.0672,-118.2385
100100801,2010-04-14,2010-04-13,17:30,Central,CRIMINAL THREATS - NO WEAPON DISPLAYED,27,M,White,SPECIALTY SCHOOL/OTHER,VERBAL THREAT,Invest Cont,34.0459,-118.2351
100100802,2010-04-14,2010-04-14,15:15,Central,OTHER MISCELLANEOUS CRIME,0,M,White,STREET,,Adult Arrest,34.0446,-118.249
100100803,2010-04-14,2010-04-14,09:15,Central,"THEFT-GRAND ($950.01 & OVER)EXCPT,GUNS,FOWL,LIVESTK,PROD",41,M,White,OTHER BUSINESS,,Invest Cont,34.0494,-118.2599
100100804,2010-04-15,2010-04-15,03:35,Central,BURGLARY FROM VEHICLE,32,M,White,STREET,,Invest Cont,34.0428,-118.2461
100100807,2010-04-15,2010-04-15,17:40,Central,THEFT PLAIN - PETTY ($950 & UNDER),54,M,Hispanic/Latin/Mexican,SIDEWALK,,Adult Arrest,34.046,-118.2509
100100809,2010-04-16,2010-04-15,21:20,Central,KIDNAPPING - GRAND ATTEMPT,18,F,Hispanic/Latin/Mexican,STREET,"STRONG-ARM (HANDS, FIST, FEET OR BODILY FORCE)",Invest Cont,34.0673,-118.2354
100100811,2010-04-16,2010-04-16,05:10,Central,CRIMINAL HOMICIDE,41,M,Black,SIDEWALK,UNKNOWN FIREARM,Adult Arrest,34.0461,-118.2476
100100812,2010-04-16,2010-04-16,08:00,Central,THEFT PLAIN - ATTEMPT,0,M,Other,STREET,,Invest Cont,34.0467,-118.2556
100100813,2010-04-16,2010-04-16,18:00,Central,ATTEMPTED ROBBERY,18,M,Other,STREET,"STRONG-ARM (HANDS, FIST, FEET OR BODILY FORCE)",Invest Cont,34.0649,-118.2399
100100814,2010-04-16,2010-04-16,18:15,Central,ATTEMPTED ROBBERY,56,F,Other,SIDEWALK,"STRONG-ARM (HANDS, FIST, FEET OR BODILY FORCE)",Invest Cont,34.0619,-118.2369
100100816,2010-04-16,2010-04-16,18:30,Central,ROBBERY,39,M,Hispanic/Latin/Mexican,SIDEWALK,"STRONG-ARM (HANDS, FIST, FEET OR BODILY FORCE)",Adult Other,34.0435,-118.2471
100100822,2010-04-16,2010-04-15,14:00,Central,INTIMATE PARTNER - AGGRAVATED ASSAULT,36,F,Black,STREET,"STRONG-ARM (HANDS, FIST, FEET OR BODILY FORCE)",Invest Cont,34.0364,-118.2406
100100826,2010-04-17,2010-04-17,13:00,Central,VANDALISM - MISDEAMEANOR ($399 OR UNDER),0,M,Other,STREET,,Invest Cont,34.0522,-118.2434
100100827,2010-04-17,2010-04-17,18:45,Central,"ASSAULT WITH DEADLY WEAPON, AGGRAVATED ASSAULT",41,M,Black,OTHER PREMISE,OTHER KNIFE,Adult Other,34.0442,-118.2439
100100828,2010-04-17,2010-04-17,19:00,Central,CRIMINAL THREATS - NO WEAPON DISPLAYED,20,M,Other,SIDEWALK,VERBAL THREAT,Invest Cont,34.0582,-118.2387
100100830,2010-04-17,2010-04-17,21:00,Central,"ASSAULT WITH DEADLY WEAPON, AGGRAVATED ASSAULT",42,F,Hispanic/Latin/Mexican,SIDEWALK,"STRONG-ARM (HANDS, FIST, FEET OR BODILY FORCE)",Invest Cont,34.0394,-118.2405
100100832,2010-04-18,2010-04-18,03:30,Central,VANDALISM - MISDEAMEANOR ($399 OR UNDER),9,M,Other,SIDEWALK,,Invest Cont,34.0488,-118.2518
100100834,2010-04-17,2010-04-17,19:00,Central,CRIMINAL THREATS - NO WEAPON DISPLAYED,22,M,Hispanic/Latin/Mexican,SIDEWALK,VERBAL THREAT,Invest Cont,34.0582,-118.2387
100100835,2010-04-17,2010-04-17,21:00,Central,"ASSAULT WITH DEADLY WEAPON, AGGRAVATED ASSAULT",48,M,Hispanic/Latin/Mexican,SIDEWALK,"STRONG-ARM (HANDS, FIST, FEET OR BODILY FORCE)",Invest Cont,34.0394,-118.2405
100100837,2010-04-21,2010-04-20,18:00,Central,INTIMATE PARTNER - SIMPLE ASSAULT,34,M,Hispanic/Latin/Mexican,"MULTI-UNIT DWELLING (APARTMENT, DUPLEX, ETC)","STRONG-ARM (HANDS, FIST, FEET OR BODILY FORCE)",Adult Arrest,34.0449,-118.2458
100100838,2010-04-21,2010-04-20,17:50,Central,INTIMATE PARTNER - SIMPLE ASSAULT,38,F,Hispanic/Latin/Mexican,"MULTI-UNIT DWELLING (APARTMENT, DUPLEX, ETC)","STRONG-ARM (HANDS, FIST, FEET OR BODILY FORCE)",Adult Arrest,34.0449,-118.2458
100100839,2010-04-21,2010-04-21,12:30,Central,INTIMATE PARTNER - SIMPLE ASSAULT,31,M,White,STREET,"STRONG-ARM (HANDS, FIST, FEET OR BODILY FORCE)",Invest Cont,34.0346,-118.2323
100100842,2010-04-24,2010-04-24,01:00,Central,INTIMATE PARTNER - SIMPLE ASSAULT,26,M,White,PARKING LOT,"STRONG-ARM (HANDS, FIST, FEET OR BODILY FORCE)",Invest Cont,34.0494,-118.2581
100100844,2010-04-24,2010-04-23,01:30,Central,"ASSAULT WITH DEADLY WEAPON, AGGRAVATED ASSAULT",22,M,Hispanic/Latin/Mexican,BAR/COCKTAIL/NIGHTCLUB,"STRONG-ARM (HANDS, FIST, FEET OR BODILY FORCE)",Invest Cont,34.0656,-118.2374
100100848,2010-04-25,2010-04-24,20:15,Central,"ASSAULT WITH DEADLY WEAPON, AGGRAVATED ASSAULT",28,F,Black,OTHER PREMISE,OTHER KNIFE,Invest Cont,34.0423,-118.2452
100100849,2010-04-24,2010-04-24,20:25,Central,INTIMATE PARTNER - SIMPLE ASSAULT,29,F,White,"MULTI-UNIT DWELLING (APARTMENT, DUPLEX, ETC)","STRONG-ARM (HANDS, FIST, FEET OR BODILY FORCE)",Invest Cont,34.046,-118.2509
100100850,2010-04-24,2010-04-24,20:15,Central,"ASSAULT WITH DEADLY WEAPON, AGGRAVATED ASSAULT",33,M,Other,OTHER PREMISE,OTHER KNIFE,Invest Cont,34.0423,-118.2452
100100853,2010-04-25,2010-04-25,14:15,Central,"THEFT, PERSON",60,M,Hispanic/Latin/Mexican,STREET,,Invest Cont,34.0537,-118.2455
100100854,2010-04-26,2010-04-25,19:50,Central,SHOPLIFTING - PETTY THEFT ($950 & UNDER),23,M,Hispanic/Latin/Mexican,DEPARTMENT STORE,,Adult Arrest,34.048,-118.2577
100100855,2010-04-26,2010-04-26,01:30,Central,INTIMATE PARTNER - SIMPLE ASSAULT,23,F,Other,"MULTI-UNIT DWELLING (APARTMENT, DUPLEX, ETC)","STRONG-ARM (HANDS, FIST, FEET OR BODILY FORCE)",Invest Cont,34.046,-118.2509
100100856,2010-04-27,2010-04-26,08:00,Central,INTIMATE PARTNER - SIMPLE ASSAULT,28,M,Black,STREET,"STRONG-ARM (HANDS, FIST, FEET OR BODILY FORCE)",Adult Arrest,34.032,-118.2657
100101553,2010-10-26,2010-10-26,16:30,Central,OTHER MISCELLANEOUS CRIME,0,M,White,STREET,,Invest Cont,34.0446,-118.249
100100857,2010-04-28,2010-04-28,01:45,Central,VANDALISM - MISDEAMEANOR ($399 OR UNDER),23,M,Hispanic/Latin/Mexican,PARKING LOT,,Invest Cont,34.0503,-118.247
100100859,2010-04-30,2010-04-29,23:15,Central,INTIMATE PARTNER - SIMPLE ASSAULT,37,F,Black,SINGLE FAMILY DWELLING,"STRONG-ARM (HANDS, FIST, FEET OR BODILY FORCE)",Invest Cont,34.042,-118.2468
100100861,2010-04-30,2010-04-29,19:45,Hollenbeck,VANDALISM - MISDEAMEANOR ($399 OR UNDER),0,M,Hispanic/Latin/Mexican,OTHER BUSINESS,,Invest Cont,34.0486,-118.2192
100100862,2010-04-30,2010-04-30,20:05,Central,VANDALISM - MISDEAMEANOR ($399 OR UNDER),9,F,Hispanic/Latin/Mexican,SIDEWALK,,Invest Cont,34.0411,-118.2545
100100864,2010-05-01,2010-05-01,16:50,Central,BATTERY - SIMPLE ASSAULT,39,M,White,SIDEWALK,UNKNOWN WEAPON/OTHER WEAPON,Invest Cont,34.0494,-118.2599
100100867,2010-05-02,2010-05-02,17:05,Central,INTIMATE PARTNER - SIMPLE ASSAULT,47,F,Hispanic/Latin/Mexican,OTHER BUSINESS,UNKNOWN WEAPON/OTHER WEAPON,Adult Other,34.0481,-118.2507
100100868,2010-05-03,2010-05-03,03:20,Central,TRESPASSING,54,M,Black,CHURCH/CHAPEL (CHANGED 03-03 FROM CHURCH/TEMPLE),,Invest Cont,34.051,-118.2445
100100869,2010-05-03,2010-05-03,02:20,Central,"ASSAULT WITH DEADLY WEAPON, AGGRAVATED ASSAULT",20,M,Hispanic/Latin/Mexican,PARKING LOT,SWITCH BLADE,Adult Arrest,34.0423,-118.2595
100100872,2010-05-03,2010-05-03,07:46,Central,BOMB SCARE,9,M,Hispanic/Latin/Mexican,"GOVERNMENT FACILITY (FEDERAL,STATE, COUNTY & CITY)",VERBAL THREAT,Invest Cont,34.054,-118.2435
100100877,2010-05-05,2010-05-05,18:10,Central,BATTERY - SIMPLE ASSAULT,34,F,Black,STREET,"STRONG-ARM (HANDS, FIST, FEET OR BODILY FORCE)",Invest Cont,34.0377,-118.2425
100100879,2010-05-05,2010-05-05,15:00,Central,BURGLARY,0,M,Other,"MULTI-UNIT DWELLING (APARTMENT, DUPLEX, ETC)",,Invest Cont,34.0416,-118.262
100100880,2010-05-05,2010-05-05,21:25,Central,"THEFT-GRAND ($950.01 & OVER)EXCPT,GUNS,FOWL,LIVESTK,PROD",0,M,Hispanic/Latin/Mexican,OTHER BUSINESS,,Adult Arrest,34.048,-118.2577
100100882,2010-05-06,2010-05-06,01:00,Central,BATTERY - SIMPLE ASSAULT,21,M,Hispanic/Latin/Mexican,ALLEY,"STRONG-ARM (HANDS, FIST, FEET OR BODILY FORCE)",Invest Cont,34.0721,-118.2213
100100883,2010-05-06,2010-05-06,04:00,Central,ROBBERY,48,M,Hispanic/Latin/Mexican,SIDEWALK,UNKNOWN WEAPON/OTHER WEAPON,Invest Cont,34.0467,-118.252
100100887,2010-05-07,2010-05-06,13:20,Central,"ASSAULT WITH DEADLY WEAPON, AGGRAVATED ASSAULT",23,M,Black,RESTAURANT/FAST FOOD,KNIFE WITH BLADE 6INCHES OR LESS,Invest Cont,34.0398,-118.2413
100100888,2010-05-06,2010-05-06,13:45,Central,OTHER MISCELLANEOUS CRIME,9,M,Other,STREET,,Invest Cont,34.0537,-118.2379
100100891,2010-05-06,2010-05-06,18:50,Central,ROBBERY,76,M,Hispanic/Latin/Mexican,STREET,"STRONG-ARM (HANDS, FIST, FEET OR BODILY FORCE)",Invest Cont,34.0428,-118.2461
100100892,2010-05-07,2010-05-07,02:50,Central,"VANDALISM - FELONY ($400 & OVER, ALL CHURCH VANDALISMS)",18,M,Hispanic/Latin/Mexican,OTHER BUSINESS,,Adult Arrest,34.0308,-118.2602
100100894,2010-05-10,2010-05-07,10:00,Central,KIDNAPPING,48,F,Black,SINGLE FAMILY DWELLING,"STRONG-ARM (HANDS, FIST, FEET OR BODILY FORCE)",Invest Cont,34.0495,-118.2494
100100895,2010-05-08,2010-05-08,20:50,Central,OTHER MISCELLANEOUS CRIME,38,M,Korean,SIDEWALK,,Invest Cont,34.0489,-118.2453
100100897,2010-05-10,2010-05-09,23:15,Central,BRANDISH WEAPON,62,M,White,STREET,OTHER KNIFE,Invest Cont,34.0382,-118.2384
100100898,2010-05-10,2010-05-10,01:15,Central,"VANDALISM - FELONY ($400 & OVER, ALL CHURCH VANDALISMS)",0,M,Hispanic/Latin/Mexican,STREET,,Adult Arrest,34.0474,-118.2496
100100900,2010-05-10,2010-05-10,11:05,Central,BURGLARY,92,F,Other,SINGLE FAMILY DWELLING,,Invest Cont,34.0673,-118.2354
100100912,2010-05-12,2010-05-12,03:55,Central,VEHICLE - ATTEMPT STOLEN,58,M,Black,STREET,,Adult Arrest,34.0419,-118.2485
100100913,2010-05-12,2010-05-12,03:55,Central,BURGLARY FROM VEHICLE,58,M,Black,STREET,,Adult Arrest,34.0419,-118.2485
100100922,2010-05-14,2010-05-13,02:00,Central,ROBBERY,43,M,White,SIDEWALK,"STRONG-ARM (HANDS, FIST, FEET OR BODILY FORCE)",Invest Cont,34.0442,-118.2439
100100924,2010-05-14,2010-05-13,01:30,Central,BATTERY - SIMPLE ASSAULT,40,M,Hispanic/Latin/Mexican,STREET,"STRONG-ARM (HANDS, FIST, FEET OR BODILY FORCE)",Invest Cont,34.0423,-118.2561
100100925,2010-05-14,2010-05-13,01:20,Central,"ASSAULT WITH DEADLY WEAPON, AGGRAVATED ASSAULT",46,F,Black,STREET,OTHER KNIFE,Invest Cont,34.0423,-118.2452
100100928,2010-05-13,2010-05-13,18:10,Central,THEFT PLAIN - PETTY ($950 & UNDER),0,M,Hispanic/Latin/Mexican,SIDEWALK,,Invest Cont,34.0544,-118.2466
100100988,2010-06-01,2010-06-01,00:45,Central,"ASSAULT WITH DEADLY WEAPON, AGGRAVATED ASSAULT",22,M,Hispanic/Latin/Mexican,STREET,BOARD,Invest Cont,34.0333,-118.262
100100929,2010-05-14,2010-05-13,23:45,Central,BATTERY - SIMPLE ASSAULT,28,M,Hispanic/Latin/Mexican,SIDEWALK,"STRONG-ARM (HANDS, FIST, FEET OR BODILY FORCE)",Invest Cont,34.0388,-118.2574
100100932,2010-05-16,2010-05-16,01:00,Central,BATTERY - SIMPLE ASSAULT,27,M,Hispanic/Latin/Mexican,SINGLE FAMILY DWELLING,"STRONG-ARM (HANDS, FIST, FEET OR BODILY FORCE)",Invest Cont,34.0482,-118.2472
100100936,2010-05-17,2010-05-17,17:30,Central,INTIMATE PARTNER - SIMPLE ASSAULT,19,F,White,RESTAURANT/FAST FOOD,"STRONG-ARM (HANDS, FIST, FEET OR BODILY FORCE)",Adult Arrest,34.0437,-118.2652
100100943,2010-05-19,2010-05-16,03:00,Central,BATTERY WITH SEXUAL CONTACT,59,F,Black,"MULTI-UNIT DWELLING (APARTMENT, DUPLEX, ETC)","STRONG-ARM (HANDS, FIST, FEET OR BODILY FORCE)",Invest Cont,34.0423,-118.2452
100100946,2010-05-20,2010-05-19,12:00,Central,THEFT PLAIN - PETTY ($950 & UNDER),15,M,Black,OTHER BUSINESS,,Invest Cont,34.048,-118.2577
100100947,2010-05-19,2010-05-19,12:10,Central,DOCUMENT FORGERY / STOLEN FELONY,23,F,White,STREET,,Invest Cont,34.0535,-118.256
100100949,2010-05-19,2010-05-19,07:15,Central,"VANDALISM - FELONY ($400 & OVER, ALL CHURCH VANDALISMS)",31,F,Black,"VEHICLE, PASSENGER/TRUCK","STRONG-ARM (HANDS, FIST, FEET OR BODILY FORCE)",Invest Cont,34.0446,-118.245
100100950,2010-05-19,2010-05-19,11:50,Central,OTHER MISCELLANEOUS CRIME,42,M,White,PARKING LOT,,Invest Cont,34.0401,-118.2504
100100957,2010-05-20,2010-05-20,13:00,Central,OTHER MISCELLANEOUS CRIME,0,M,Hispanic/Latin/Mexican,SIDEWALK,,Invest Cont,34.0357,-118.2593
100100960,2010-05-22,2010-05-21,16:00,Central,OTHER MISCELLANEOUS CRIME,30,M,White,"GOVERNMENT FACILITY (FEDERAL,STATE, COUNTY & CITY)",,Adult Arrest,34.054,-118.2435
100100963,2010-05-22,2010-05-22,23:45,Central,INTIMATE PARTNER - SIMPLE ASSAULT,34,F,Hispanic/Latin/Mexican,"MULTI-UNIT DWELLING (APARTMENT, DUPLEX, ETC)","STRONG-ARM (HANDS, FIST, FEET OR BODILY FORCE)",Invest Cont,34.0649,-118.2289
100100964,2010-05-22,2010-05-22,02:20,Central,"VANDALISM - FELONY ($400 & OVER, ALL CHURCH VANDALISMS)",41,F,Hispanic/Latin/Mexican,RESTAURANT/FAST FOOD,,Invest Cont,34.0535,-118.256
100100965,2010-05-24,2010-05-23,17:45,Central,"ASSAULT WITH DEADLY WEAPON, AGGRAVATED ASSAULT",17,F,Black,OTHER RESIDENCE,UNKNOWN WEAPON/OTHER WEAPON,Adult Arrest,34.0462,-118.2628
100100966,2010-05-24,2010-05-24,05:15,Central,BATTERY - SIMPLE ASSAULT,52,M,White,OTHER RESIDENCE,OTHER KNIFE,Adult Other,34.0461,-118.2476
100100967,2010-05-24,2010-05-24,02:30,Central,"ASSAULT WITH DEADLY WEAPON, AGGRAVATED ASSAULT",32,F,White,HOTEL,"STRONG-ARM (HANDS, FIST, FEET OR BODILY FORCE)",Invest Cont,34.0453,-118.2499
100100974,2010-05-28,2010-05-28,17:35,Central,CRIMINAL THREATS - NO WEAPON DISPLAYED,43,M,Hispanic/Latin/Mexican,STREET,,Invest Cont,34.0615,-118.2336
100100976,2010-05-30,2010-05-30,07:20,Central,"ASSAULT WITH DEADLY WEAPON, AGGRAVATED ASSAULT",39,M,Hispanic/Latin/Mexican,SIDEWALK,STICK,Adult Other,34.1779,-118.2962
100100978,2010-05-30,2010-05-30,02:15,Central,"VANDALISM - FELONY ($400 & OVER, ALL CHURCH VANDALISMS)",45,M,White,"VEHICLE, PASSENGER/TRUCK",,Invest Cont,34.0571,-118.2422
100100979,2010-05-30,2010-05-30,07:20,Central,"ASSAULT WITH DEADLY WEAPON, AGGRAVATED ASSAULT",45,M,Hispanic/Latin/Mexican,SIDEWALK,STICK,Adult Other,34.1779,-118.2962
100100980,2010-05-29,2010-05-29,11:00,Central,BATTERY - SIMPLE ASSAULT,54,M,Hispanic/Latin/Mexican,STREET,UNKNOWN FIREARM,Invest Cont,34.0398,-118.2413
100100981,2010-05-30,2010-05-30,18:00,Central,BATTERY - SIMPLE ASSAULT,48,M,Hispanic/Latin/Mexican,STREET,"STRONG-ARM (HANDS, FIST, FEET OR BODILY FORCE)",Invest Cont,34.0419,-118.2485
100100982,2010-05-31,2010-05-31,13:00,Central,BATTERY - SIMPLE ASSAULT,58,M,Hispanic/Latin/Mexican,STREET,"STRONG-ARM (HANDS, FIST, FEET OR BODILY FORCE)",Invest Cont,34.0478,-118.2454
100100983,2010-05-31,2010-05-31,19:35,Central,"ASSAULT WITH DEADLY WEAPON, AGGRAVATED ASSAULT",63,M,Hispanic/Latin/Mexican,"MULTI-UNIT DWELLING (APARTMENT, DUPLEX, ETC)",STICK,Invest Cont,34.0401,-118.2668
100100984,2010-05-31,2010-05-31,21:40,Central,"ASSAULT WITH DEADLY WEAPON, AGGRAVATED ASSAULT",33,M,Black,SIDEWALK,"STRONG-ARM (HANDS, FIST, FEET OR BODILY FORCE)",Invest Cont,34.0461,-118.2476
100100985,2010-05-31,2010-05-31,17:40,Central,ROBBERY,30,M,Hispanic/Latin/Mexican,OTHER STORE,"STRONG-ARM (HANDS, FIST, FEET OR BODILY FORCE)",Invest Cont,34.048,-118.2577
100100986,2010-06-01,2010-05-31,23:50,Central,ROBBERY,30,M,Hispanic/Latin/Mexican,BUS STOP,OTHER KNIFE,Invest Cont,34.0473,-118.2566
100100987,2010-06-01,2010-06-01,00:30,Central,ROBBERY,25,F,White,STREET,UNKNOWN WEAPON/OTHER WEAPON,Invest Cont,34.049,-118.2381
100100989,2010-05-31,2010-05-31,15:00,Central,BURGLARY FROM VEHICLE,34,F,Black,STREET,"STRONG-ARM (HANDS, FIST, FEET OR BODILY FORCE)",Invest Cont,34.0598,-118.2477
100100993,2010-06-02,2010-06-02,19:50,Central,ATTEMPTED ROBBERY,17,M,Hispanic/Latin/Mexican,STREET,"STRONG-ARM (HANDS, FIST, FEET OR BODILY FORCE)",Invest Cont,34.0435,-118.2471
100100995,2010-06-04,2010-06-03,20:50,Central,BATTERY - SIMPLE ASSAULT,43,F,Black,OTHER PREMISE,"STRONG-ARM (HANDS, FIST, FEET OR BODILY FORCE)",Invest Cont,34.0442,-118.2439
100100997,2010-06-04,2010-06-04,14:30,Central,INTIMATE PARTNER - SIMPLE ASSAULT,43,M,Hispanic/Latin/Mexican,PARKING LOT,"STRONG-ARM (HANDS, FIST, FEET OR BODILY FORCE)",Invest Cont,34.0668,-118.2301
100100998,2010-06-04,2010-06-04,08:00,Central,BATTERY - SIMPLE ASSAULT,83,F,Hispanic/Latin/Mexican,SINGLE FAMILY DWELLING,"STRONG-ARM (HANDS, FIST, FEET OR BODILY FORCE)",Invest Cont,34.0652,-118.2468
100100999,2010-06-04,2010-06-04,16:20,Central,INTIMATE PARTNER - SIMPLE ASSAULT,32,F,Other,OFFICE BUILDING/OFFICE,"STRONG-ARM (HANDS, FIST, FEET OR BODILY FORCE)",Invest Cont,34.0481,-118.2542
100101000,2010-06-05,2010-05-15,10:00,Central,BURGLARY,30,F,Other,"MULTI-UNIT DWELLING (APARTMENT, DUPLEX, ETC)",,Invest Cont,34.0444,-118.2628
100101001,2010-06-05,2010-05-12,21:00,Central,BURGLARY,33,F,Other,"MULTI-UNIT DWELLING (APARTMENT, DUPLEX, ETC)",,Invest Cont,34.0444,-118.2628
100101009,2010-06-07,2010-06-06,09:45,Central,ROBBERY,49,M,Other,JEWELRY STORE,MACE/PEPPER SPRAY,Adult Arrest,34.0467,-118.252
100101010,2010-06-07,2010-06-06,19:45,Central,BATTERY - SIMPLE ASSAULT,40,M,Hispanic/Latin/Mexican,SIDEWALK,"STRONG-ARM (HANDS, FIST, FEET OR BODILY FORCE)",Invest Cont,34.0428,-118.2461
100101011,2010-06-07,2010-06-07,00:45,Central,BATTERY - SIMPLE ASSAULT,9,F,Hispanic/Latin/Mexican,BAR/COCKTAIL/NIGHTCLUB,"STRONG-ARM (HANDS, FIST, FEET OR BODILY FORCE)",Invest Cont,34.0532,-118.2425
100101012,2010-06-07,2010-06-07,17:00,Central,THEFT PLAIN - PETTY ($950 & UNDER),44,F,Hispanic/Latin/Mexican,OTHER STORE,,Invest Cont,34.0452,-118.2534
100101015,2010-06-08,2010-06-08,18:10,Central,"ASSAULT WITH DEADLY WEAPON, AGGRAVATED ASSAULT",44,M,White,STREET,FOLDING KNIFE,Invest Cont,34.0382,-118.2384
100101017,2010-06-08,2010-06-08,22:45,Central,"ASSAULT WITH DEADLY WEAPON, AGGRAVATED ASSAULT",46,M,Black,SIDEWALK,SWITCH BLADE,Invest Cont,34.0439,-118.2479
100101019,2010-06-10,2010-06-10,11:50,Central,BATTERY - SIMPLE ASSAULT,24,F,Hispanic/Latin/Mexican,SIDEWALK,"STRONG-ARM (HANDS, FIST, FEET OR BODILY FORCE)",Invest Cont,34.0378,-118.2561
100101023,2010-06-10,2010-06-10,19:35,Central,"ASSAULT WITH DEADLY WEAPON, AGGRAVATED ASSAULT",29,F,Hispanic/Latin/Mexican,STREET,UNKNOWN WEAPON/OTHER WEAPON,Invest Cont,34.048,-118.2438
100101024,2010-06-10,2010-06-10,20:30,Central,ROBBERY,34,M,White,SIDEWALK,"STRONG-ARM (HANDS, FIST, FEET OR BODILY FORCE)",Invest Cont,34.0455,-118.2381
100101028,2010-06-11,2010-06-11,19:10,Central,"ASSAULT WITH DEADLY WEAPON, AGGRAVATED ASSAULT",37,M,Other,SIDEWALK,OTHER KNIFE,Invest Cont,34.0549,-118.2426
100101032,2010-06-12,2010-06-12,13:30,Central,BATTERY POLICE (SIMPLE),40,F,Hispanic/Latin/Mexican,STREET,"STRONG-ARM (HANDS, FIST, FEET OR BODILY FORCE)",Adult Arrest,34.0467,-118.252
100101033,2010-06-12,2010-06-12,14:35,Central,INTIMATE PARTNER - SIMPLE ASSAULT,20,M,Hispanic/Latin/Mexican,STREET,"STRONG-ARM (HANDS, FIST, FEET OR BODILY FORCE)",Invest Cont,34.0404,-118.2504
100101034,2010-06-12,2010-06-12,18:10,Central,"ASSAULT WITH DEADLY WEAPON, AGGRAVATED ASSAULT",49,M,Black,STREET,BLUNT INSTRUMENT,Adult Other,34.0377,-118.2425
100101035,2010-06-13,2010-06-12,20:58,Central,BURGLARY,47,M,Hispanic/Latin/Mexican,OTHER BUSINESS,,Invest Cont,34.0394,-118.2496
100101036,2010-06-13,2010-06-03,16:30,Central,BATTERY - SIMPLE ASSAULT,45,M,Hispanic/Latin/Mexican,"MULTI-UNIT DWELLING (APARTMENT, DUPLEX, ETC)","STRONG-ARM (HANDS, FIST, FEET OR BODILY FORCE)",Invest Cont,34.0412,-118.2474
100101039,2010-06-14,2010-06-14,16:45,Central,CHILD ABUSE (PHYSICAL) - AGGRAVATED ASSAULT,0,F,Hispanic/Latin/Mexican,"VEHICLE, PASSENGER/TRUCK","STRONG-ARM (HANDS, FIST, FEET OR BODILY FORCE)",Invest Cont,34.0566,-118.2319
100101040,2010-06-14,2010-06-14,16:35,Central,CHILD NEGLECT (SEE 300 W.I.C.),6,M,Hispanic/Latin/Mexican,"VEHICLE, PASSENGER/TRUCK",,Invest Cont,34.0566,-118.2319
100101041,2010-06-14,2010-06-14,07:30,Central,BURGLARY FROM VEHICLE,51,F,Other,PARKING LOT,,Invest Cont,34.0459,-118.2545
100101227,2010-07-15,2010-07-15,21:00,Central,BATTERY - SIMPLE ASSAULT,34,M,Hispanic/Latin/Mexican,"VEHICLE, PASSENGER/TRUCK","STRONG-ARM (HANDS, FIST, FEET OR BODILY FORCE)",Invest Cont,34.0435,-118.2471
100101045,2010-06-16,2010-06-15,07:05,Central,BATTERY - SIMPLE ASSAULT,37,F,Black,SIDEWALK,"STRONG-ARM (HANDS, FIST, FEET OR BODILY FORCE)",Invest Cont,34.0446,-118.245
100101049,2010-06-15,2010-06-11,19:00,Central,INTIMATE PARTNER - SIMPLE ASSAULT,49,F,White,SIDEWALK,"STRONG-ARM (HANDS, FIST, FEET OR BODILY FORCE)",Invest Cont,34.0423,-118.2452
100101058,2010-06-17,2010-06-16,18:30,Central,CRIMINAL THREATS - NO WEAPON DISPLAYED,44,M,Black,OTHER PREMISE,,Invest Cont,34.0354,-118.2714
100101059,2010-06-17,2010-06-16,18:00,Central,VANDALISM - MISDEAMEANOR ($399 OR UNDER),52,M,White,CONSTRUCTION SITE,,Invest Cont,34.0379,-118.2682
100101063,2010-06-17,2010-06-17,13:35,Central,"THEFT, PERSON",35,M,White,STREET,,Invest Cont,34.0401,-118.2668
100101067,2010-06-17,2010-06-17,23:10,Central,THROWING OBJECT AT MOVING VEHICLE,0,M,Hispanic/Latin/Mexican,STREET,,Invest Cont,34.037,-118.2688
100101072,2010-06-17,2010-06-17,21:00,Central,"VANDALISM - FELONY ($400 & OVER, ALL CHURCH VANDALISMS)",0,M,Hispanic/Latin/Mexican,OTHER BUSINESS,,Invest Cont,34.0444,-118.2628
100101073,2010-06-17,2010-06-17,21:00,Central,DISTURBING THE PEACE,0,M,Hispanic/Latin/Mexican,STREET,,Invest Cont,34.0444,-118.2628
100101074,2010-06-17,2010-06-17,22:50,Central,"VANDALISM - FELONY ($400 & OVER, ALL CHURCH VANDALISMS)",0,M,Hispanic/Latin/Mexican,OTHER BUSINESS,,Adult Arrest,34.0409,-118.2609
100101075,2010-06-19,2010-06-17,21:00,Central,"VANDALISM - FELONY ($400 & OVER, ALL CHURCH VANDALISMS)",25,M,Hispanic/Latin/Mexican,"VEHICLE, PASSENGER/TRUCK",,Invest Cont,34.0359,-118.2648
100101076,2010-06-19,2010-06-17,21:00,Central,VANDALISM - MISDEAMEANOR ($399 OR UNDER),28,F,Hispanic/Latin/Mexican,"VEHICLE, PASSENGER/TRUCK",,Invest Cont,34.0353,-118.2698
100101082,2010-06-19,2010-06-19,03:15,Central,"ASSAULT WITH DEADLY WEAPON, AGGRAVATED ASSAULT",31,M,Black,STREET,KNIFE WITH BLADE 6INCHES OR LESS,Invest Cont,34.0412,-118.2436
100101091,2010-06-21,2010-06-21,23:50,Central,INTIMATE PARTNER - SIMPLE ASSAULT,29,F,Hispanic/Latin/Mexican,"MULTI-UNIT DWELLING (APARTMENT, DUPLEX, ETC)","STRONG-ARM (HANDS, FIST, FEET OR BODILY FORCE)",Invest Cont,34.071,-118.2302
100101093,2010-06-22,2010-06-22,03:00,Central,"VANDALISM - FELONY ($400 & OVER, ALL CHURCH VANDALISMS)",56,M,Hispanic/Latin/Mexican,STREET,,Invest Cont,34.0474,-118.2531
100101095,2010-06-23,2010-06-17,21:00,Central,VANDALISM - MISDEAMEANOR ($399 OR UNDER),0,M,Hispanic/Latin/Mexican,STREET,,Invest Cont,34.0458,-118.2614
100101103,2010-06-22,2010-06-22,18:30,Central,BATTERY - SIMPLE ASSAULT,32,M,White,SIDEWALK,"STRONG-ARM (HANDS, FIST, FEET OR BODILY FORCE)",Adult Other,34.0488,-118.2553
100101104,2010-06-23,2010-06-23,15:50,Central,ROBBERY,29,F,Black,STREET,"STRONG-ARM (HANDS, FIST, FEET OR BODILY FORCE)",Invest Cont,34.0452,-118.2569
100101111,2010-06-24,2010-06-24,00:01,Central,ROBBERY,33,M,White,SIDEWALK,SEMI-AUTOMATIC PISTOL,Adult Other,34.0544,-118.2535
100101114,2010-06-24,2010-06-24,12:15,Central,"ASSAULT WITH DEADLY WEAPON, AGGRAVATED ASSAULT",59,M,Hispanic/Latin/Mexican,STREET,VEHICLE,Invest Cont,34.0626,-118.2433
100101115,2010-06-24,2010-06-24,16:50,Central,OTHER ASSAULT,35,M,Hispanic/Latin/Mexican,STREET,VEHICLE,Invest Cont,34.0346,-118.2572
100101118,2010-06-25,2010-06-25,23:00,Central,INTIMATE PARTNER - SIMPLE ASSAULT,34,F,Other,"MULTI-UNIT DWELLING (APARTMENT, DUPLEX, ETC)","STRONG-ARM (HANDS, FIST, FEET OR BODILY FORCE)",Invest Cont,34.0416,-118.262
100101120,2010-06-26,2010-06-25,23:45,Central,"RAPE, FORCIBLE",13,F,Black,HOTEL,"STRONG-ARM (HANDS, FIST, FEET OR BODILY FORCE)",Adult Other,34.0474,-118.2496
100101121,2010-06-26,2010-06-26,08:30,Central,INTIMATE PARTNER - SIMPLE ASSAULT,19,F,Hispanic/Latin/Mexican,STREET,"STRONG-ARM (HANDS, FIST, FEET OR BODILY FORCE)",Invest Cont,34.0563,-118.2374
100101123,2010-06-27,2010-06-27,14:00,Central,OTHER MISCELLANEOUS CRIME,42,M,White,ALLEY,,Adult Arrest,34.0389,-118.255
100101124,2010-06-28,2010-06-28,02:30,Central,TRESPASSING,25,M,Hispanic/Latin/Mexican,HOSPITAL,,Invest Cont,34.0372,-118.2654
100101125,2010-06-28,2010-06-28,03:00,Central,ROBBERY,30,M,Hispanic/Latin/Mexican,SIDEWALK,"STRONG-ARM (HANDS, FIST, FEET OR BODILY FORCE)",Invest Cont,34.0488,-118.2518
100101136,2010-06-29,2010-06-29,14:30,Central,BATTERY - SIMPLE ASSAULT,17,M,Hispanic/Latin/Mexican,SIDEWALK,"STRONG-ARM (HANDS, FIST, FEET OR BODILY FORCE)",Adult Other,34.034,-118.2651
100101137,2010-06-29,2010-06-29,14:30,Central,BATTERY - SIMPLE ASSAULT,18,M,Hispanic/Latin/Mexican,SIDEWALK,"STRONG-ARM (HANDS, FIST, FEET OR BODILY FORCE)",Adult Other,34.034,-118.2651
100101139,2010-06-29,2010-06-28,10:00,Central,BURGLARY,29,F,White,"MULTI-UNIT DWELLING (APARTMENT, DUPLEX, ETC)",,Invest Cont,34.0482,-118.2472
100101140,2010-06-29,2010-06-29,15:30,Central,THEFT PLAIN - PETTY ($950 & UNDER),19,M,Hispanic/Latin/Mexican,STREET,,Invest Cont,34.0495,-118.2494
100101148,2010-07-01,2010-06-30,21:15,Central,INTIMATE PARTNER - SIMPLE ASSAULT,48,F,Black,SINGLE FAMILY DWELLING,"STRONG-ARM (HANDS, FIST, FEET OR BODILY FORCE)",Invest Cont,34.0416,-118.2398
100101153,2010-07-02,2010-07-02,02:00,Central,ROBBERY,49,M,White,SIDEWALK,UNKNOWN WEAPON/OTHER WEAPON,Invest Cont,34.0449,-118.2458
100101162,2010-07-03,2010-07-03,13:30,Central,"ASSAULT WITH DEADLY WEAPON, AGGRAVATED ASSAULT",31,M,Black,STREET,OTHER KNIFE,Invest Cont,34.0423,-118.2452
100101166,2010-07-04,2010-07-04,02:20,Central,OTHER MISCELLANEOUS CRIME,26,M,Black,STREET,,Invest Cont,34.045,-118.264
100101167,2010-07-05,2010-07-04,23:30,Central,INTIMATE PARTNER - SIMPLE ASSAULT,29,M,Black,DRIVEWAY,"STRONG-ARM (HANDS, FIST, FEET OR BODILY FORCE)",Invest Cont,34.045,-118.2435
100101172,2010-07-05,2010-07-05,01:15,Central,VIOLATION OF RESTRAINING ORDER,25,F,Hispanic/Latin/Mexican,RESTAURANT/FAST FOOD,,Invest Cont,34.0503,-118.2504
100101173,2010-07-05,2010-07-05,01:10,Central,BATTERY - SIMPLE ASSAULT,26,M,Hispanic/Latin/Mexican,RESTAURANT/FAST FOOD,"STRONG-ARM (HANDS, FIST, FEET OR BODILY FORCE)",Invest Cont,34.0503,-118.2504
100101174,2010-07-05,2010-07-05,02:30,Central,ROBBERY,26,M,Hispanic/Latin/Mexican,STREET,FOLDING KNIFE,Invest Cont,34.0487,-118.2588
100101179,2010-07-06,2010-07-06,15:00,Central,BURGLARY FROM VEHICLE,25,F,Other,STREET,,Invest Cont,34.0639,-118.2446
100101182,2010-07-07,2010-07-07,16:10,Central,ROBBERY,52,M,White,SIDEWALK,OTHER CUTTING INSTRUMENT,Invest Cont,34.0407,-118.2468
100101189,2010-07-08,2010-07-08,21:35,Central,"ASSAULT WITH DEADLY WEAPON, AGGRAVATED ASSAULT",28,M,Black,STREET,"STRONG-ARM (HANDS, FIST, FEET OR BODILY FORCE)",Invest Cont,34.0467,-118.2485
100101190,2010-07-08,2010-07-08,10:40,Central,ATTEMPTED ROBBERY,46,F,White,RESTAURANT/FAST FOOD,SIMULATED GUN,Adult Other,34.0482,-118.2472
100101191,2010-07-09,2010-07-09,02:35,Central,INTIMATE PARTNER - SIMPLE ASSAULT,22,F,Hispanic/Latin/Mexican,PARKING LOT,"STRONG-ARM (HANDS, FIST, FEET OR BODILY FORCE)",Adult Arrest,34.043,-118.2571
100101197,2010-07-10,2010-07-10,07:00,Central,LEWD CONDUCT,41,M,Black,SIDEWALK,,Invest Cont,34.0457,-118.2665
100101198,2010-07-10,2010-07-10,17:15,Central,BATTERY - SIMPLE ASSAULT,34,M,Other,STREET,"STRONG-ARM (HANDS, FIST, FEET OR BODILY FORCE)",Invest Cont,34.0454,-118.2422
100101203,2010-07-11,2010-07-11,14:35,Central,"ASSAULT WITH DEADLY WEAPON, AGGRAVATED ASSAULT",57,M,Hispanic/Latin/Mexican,SIDEWALK,UNKNOWN WEAPON/OTHER WEAPON,Invest Cont,34.0455,-118.2452
100101204,2010-07-12,2010-07-12,00:55,Central,CRIMINAL THREATS - NO WEAPON DISPLAYED,63,M,Black,BUS STOP,VERBAL THREAT,Invest Cont,34.0452,-118.2569
100101205,2010-07-12,2010-07-12,17:00,Central,BATTERY - SIMPLE ASSAULT,33,M,Black,STREET,"STRONG-ARM (HANDS, FIST, FEET OR BODILY FORCE)",Invest Cont,34.0446,-118.245
100101206,2010-07-12,2010-07-12,13:00,Central,"VANDALISM - FELONY ($400 & OVER, ALL CHURCH VANDALISMS)",35,F,White,"VEHICLE, PASSENGER/TRUCK",,Invest Cont,34.0571,-118.2509
100101209,2010-07-13,2010-07-13,12:40,Central,BATTERY POLICE (SIMPLE),0,M,Hispanic/Latin/Mexican,SIDEWALK,"STRONG-ARM (HANDS, FIST, FEET OR BODILY FORCE)",Invest Cont,34.065,-118.2384
100101213,2010-07-13,2010-07-13,21:05,Central,ROBBERY,21,M,Hispanic/Latin/Mexican,STREET,"STRONG-ARM (HANDS, FIST, FEET OR BODILY FORCE)",Adult Arrest,34.045,-118.2435
100101215,2010-07-14,2010-07-14,16:30,Central,SHOPLIFTING - PETTY THEFT ($950 & UNDER),23,M,Hispanic/Latin/Mexican,DEPARTMENT STORE,,Adult Arrest,34.048,-118.2577
100101217,2010-07-15,2010-07-14,23:30,Central,"ASSAULT WITH DEADLY WEAPON, AGGRAVATED ASSAULT",21,M,White,OTHER BUSINESS,SCISSORS,Invest Cont,34.0452,-118.2569
100101225,2010-07-15,2010-07-15,20:40,Central,OTHER MISCELLANEOUS CRIME,9,M,Hispanic/Latin/Mexican,STREET,,Adult Arrest,34.0439,-118.2514
100101226,2010-07-15,2010-07-15,21:00,Central,BATTERY - SIMPLE ASSAULT,28,M,White,"VEHICLE, PASSENGER/TRUCK","STRONG-ARM (HANDS, FIST, FEET OR BODILY FORCE)",Invest Cont,34.0435,-118.2471
100101228,2010-07-15,2010-07-15,21:00,Central,BATTERY - SIMPLE ASSAULT,34,M,Hispanic/Latin/Mexican,STREET,"STRONG-ARM (HANDS, FIST, FEET OR BODILY FORCE)",Invest Cont,34.0435,-118.2471
100101233,2010-07-15,2010-07-15,22:30,Central,ROBBERY,38,M,White,STREET,"STRONG-ARM (HANDS, FIST, FEET OR BODILY FORCE)",Invest Cont,34.0398,-118.2413
100101237,2010-07-15,2010-07-15,19:30,Central,ATTEMPTED ROBBERY,0,M,White,SIDEWALK,"STRONG-ARM (HANDS, FIST, FEET OR BODILY FORCE)",Invest Cont,34.0445,-118.2558
100101241,2010-07-16,2010-07-16,14:30,Central,"ASSAULT WITH DEADLY WEAPON, AGGRAVATED ASSAULT",45,M,White,STREET,BOTTLE,Adult Other,34.048,-118.256
100101243,2010-07-16,2010-07-16,18:15,Central,"ASSAULT WITH DEADLY WEAPON, AGGRAVATED ASSAULT",42,M,Hispanic/Latin/Mexican,SIDEWALK,KNIFE WITH BLADE 6INCHES OR LESS,Invest Cont,34.0435,-118.2427
100101244,2010-07-16,2010-07-16,22:00,Central,"ASSAULT WITH DEADLY WEAPON, AGGRAVATED ASSAULT",24,F,White,STREET,"STRONG-ARM (HANDS, FIST, FEET OR BODILY FORCE)",Invest Cont,34.0428,-118.2461
100101245,2010-07-17,2010-07-17,04:40,Central,"VANDALISM - FELONY ($400 & OVER, ALL CHURCH VANDALISMS)",24,M,Hispanic/Latin/Mexican,OTHER BUSINESS,,Adult Arrest,34.0467,-118.2556
100101247,2010-07-17,2010-07-17,21:30,Central,BATTERY - SIMPLE ASSAULT,30,F,Black,STREET,"STRONG-ARM (HANDS, FIST, FEET OR BODILY FORCE)",Invest Cont,34.0446,-118.245
100101250,2010-07-18,2010-07-18,04:20,Central,ROBBERY,27,M,White,STREET,VERBAL THREAT,Adult Other,34.0467,-118.2556
100101251,2010-07-18,2010-07-18,14:20,Central,"ASSAULT WITH DEADLY WEAPON, AGGRAVATED ASSAULT",24,M,Hispanic/Latin/Mexican,SIDEWALK,KNIFE WITH BLADE OVER 6 INCHES IN LENGTH,Invest Cont,34.0412,-118.2474
100101252,2010-07-18,2010-07-18,14:00,Central,ROBBERY,54,F,Other,OTHER BUSINESS,HAND GUN,Invest Cont,34.064,-118.2375
100101258,2010-07-21,2010-07-18,22:00,Central,"THEFT-GRAND ($950.01 & OVER)EXCPT,GUNS,FOWL,LIVESTK,PROD",32,M,Hispanic/Latin/Mexican,NIGHT CLUB (OPEN EVENINGS ONLY),"STRONG-ARM (HANDS, FIST, FEET OR BODILY FORCE)",Invest Cont,34.045,-118.264
100101259,2010-07-19,2010-07-19,16:50,Central,ROBBERY,39,M,Hispanic/Latin/Mexican,"MULTI-UNIT DWELLING (APARTMENT, DUPLEX, ETC)","STRONG-ARM (HANDS, FIST, FEET OR BODILY FORCE)",Invest Cont,34.0717,-118.2493
100101260,2010-07-19,2010-07-19,22:05,Central,ROBBERY,0,M,Hispanic/Latin/Mexican,PARKING LOT,BELT FLAILING INSTRUMENT/CHAIN,Adult Other,34.0437,-118.2652
100101262,2010-07-21,2010-07-21,17:00,Central,"VANDALISM - FELONY ($400 & OVER, ALL CHURCH VANDALISMS)",0,F,White,"VEHICLE, PASSENGER/TRUCK",,Invest Cont,34.0426,-118.2412
100101264,2010-07-22,2010-07-19,00:10,Central,"ASSAULT WITH DEADLY WEAPON, AGGRAVATED ASSAULT",22,M,Black,STREET,HAND GUN,Adult Arrest,34.0437,-118.2455
100101269,2010-07-22,2010-07-15,23:00,Central,ROBBERY,20,M,Black,SIDEWALK,SEMI-AUTOMATIC PISTOL,Invest Cont,34.0446,-118.245
100101273,2010-07-22,2010-07-22,15:10,Central,SHOPLIFTING - PETTY THEFT ($950 & UNDER),34,F,Other Asian,DRUG STORE,,Adult Other,34.0473,-118.2566
100101276,2010-07-24,2010-07-24,00:15,Central,BATTERY - SIMPLE ASSAULT,28,F,Hispanic/Latin/Mexican,SIDEWALK,"STRONG-ARM (HANDS, FIST, FEET OR BODILY FORCE)",Invest Cont,34.0342,-118.2636
100101277,2010-07-25,2010-07-25,12:40,Central,DOCUMENT FORGERY / STOLEN FELONY,30,M,Hispanic/Latin/Mexican,LIQUOR STORE,,Invest Cont,34.0383,-118.2633
100101283,2010-07-28,2010-07-27,00:05,Central,CRM AGNST CHLD (13 OR UNDER) (14-15 & SUSP 10 YRS OLDER),12,F,Black,"MULTI-UNIT DWELLING (APARTMENT, DUPLEX, ETC)",,Invest Cont,34.0442,-118.2439
100101285,2010-07-29,2010-07-24,01:00,Central,"RAPE, FORCIBLE",28,F,Black,SINGLE FAMILY DWELLING,"STRONG-ARM (HANDS, FIST, FEET OR BODILY FORCE)",Invest Cont,34.0589,-118.2412
100101286,2010-07-30,2010-07-29,22:55,Central,"RAPE, FORCIBLE",21,F,White,OTHER BUSINESS,"STRONG-ARM (HANDS, FIST, FEET OR BODILY FORCE)",Adult Other,34.048,-118.2577
100101287,2010-07-29,2010-07-29,20:50,Central,BATTERY - SIMPLE ASSAULT,27,M,Hispanic/Latin/Mexican,SIDEWALK,"STRONG-ARM (HANDS, FIST, FEET OR BODILY FORCE)",Invest Cont,34.0387,-118.2488
100101288,2010-07-30,2010-07-30,14:00,Central,ROBBERY,43,M,Black,STREET,"STRONG-ARM (HANDS, FIST, FEET OR BODILY FORCE)",Invest Cont,34.0423,-118.2452
100101297,2010-08-01,2010-08-01,01:15,Central,VANDALISM - MISDEAMEANOR ($399 OR UNDER),9,M,Other,STREET,,Invest Cont,34.0673,-118.2499
100101298,2010-08-01,2010-08-01,11:00,Central,BATTERY - SIMPLE ASSAULT,60,M,White,STREET,"STRONG-ARM (HANDS, FIST, FEET OR BODILY FORCE)",Invest Cont,34.0467,-118.2556
100101301,2010-08-01,2010-08-01,15:00,Central,BATTERY - SIMPLE ASSAULT,17,F,Hispanic/Latin/Mexican,SIDEWALK,"STRONG-ARM (HANDS, FIST, FEET OR BODILY FORCE)",Adult Other,34.0583,-118.2378
100101302,2010-08-01,2010-08-01,20:30,Central,THEFT PLAIN - PETTY ($950 & UNDER),31,F,White,DEPARTMENT STORE,,Adult Arrest,34.048,-118.2577
100101304,2010-08-02,2010-07-31,12:00,Central,SHOTS FIRED AT INHABITED DWELLING,38,M,Hispanic/Latin/Mexican,BANK,UNKNOWN FIREARM,Invest Cont,34.0535,-118.256
100101305,2010-08-01,2010-07-30,16:30,Central,THEFT PLAIN - PETTY ($950 & UNDER),37,M,Hispanic/Latin/Mexican,DEPARTMENT STORE,,Invest Cont,34.048,-118.2577
100101307,2010-08-05,2010-08-05,14:10,Central,BATTERY POLICE (SIMPLE),0,M,Hispanic/Latin/Mexican,SIDEWALK,"STRONG-ARM (HANDS, FIST, FEET OR BODILY FORCE)",Invest Cont,34.0363,-118.2573
100101309,2010-08-06,2010-08-05,08:04,Central,VANDALISM - MISDEAMEANOR ($399 OR UNDER),60,M,Black,HOTEL,"STRONG-ARM (HANDS, FIST, FEET OR BODILY FORCE)",Invest Cont,34.0454,-118.2466
100101311,2010-08-06,2010-08-06,18:00,Central,ROBBERY,41,M,Hispanic/Latin/Mexican,OTHER BUSINESS,AUTOMATIC WEAPON/SUB-MACHINE GUN,Invest Cont,34.0331,-118.2599
100101317,2010-08-07,2010-07-27,19:00,Central,THEFT OF IDENTITY,26,F,Other,SINGLE FAMILY DWELLING,,Invest Cont,34.0563,-118.2374
100101319,2010-08-07,2010-08-06,17:30,Central,BURGLARY,29,F,Other,MARKET,,Invest Cont,34.0413,-118.2517
100101320,2010-08-07,2010-08-06,17:30,Central,BURGLARY,25,F,Hispanic/Latin/Mexican,OTHER BUSINESS,,Invest Cont,34.0413,-118.2517
100101324,2010-08-07,2010-08-07,18:30,Central,ATTEMPTED ROBBERY,58,M,Hispanic/Latin/Mexican,STREET,"STRONG-ARM (HANDS, FIST, FEET OR BODILY FORCE)",Adult Arrest,34.071,-118.2302
100101329,2010-08-11,2010-08-11,16:30,Central,"THEFT-GRAND ($950.01 & OVER)EXCPT,GUNS,FOWL,LIVESTK,PROD",60,M,Black,"MULTI-UNIT DWELLING (APARTMENT, DUPLEX, ETC)",,Adult Arrest,34.0412,-118.2474
100101330,2010-08-12,2010-08-11,21:40,Central,ASSAULT WITH DEADLY WEAPON ON POLICE OFFICER,0,M,Other,SIDEWALK,"STRONG-ARM (HANDS, FIST, FEET OR BODILY FORCE)",Invest Cont,34.0423,-118.2452
100101332,2010-08-12,2010-08-11,20:30,Central,THEFT PLAIN - PETTY ($950 & UNDER),23,F,Hispanic/Latin/Mexican,DEPARTMENT STORE,,Invest Cont,34.048,-118.2577
100101341,2010-08-14,2010-08-14,22:00,Central,BURGLARY FROM VEHICLE,49,M,White,STREET,,Invest Cont,34.0438,-118.2547
100101343,2010-08-15,2010-08-15,00:25,Central,"ASSAULT WITH DEADLY WEAPON, AGGRAVATED ASSAULT",47,M,Black,SIDEWALK,FOLDING KNIFE,Invest Cont,34.0394,-118.2496
100101344,2010-08-15,2010-08-15,01:50,Central,THEFT PLAIN - PETTY ($950 & UNDER),45,M,Hispanic/Latin/Mexican,OTHER BUSINESS,,Invest Cont,34.0451,-118.2604
100101348,2010-08-15,2010-08-15,19:30,Central,INTIMATE PARTNER - SIMPLE ASSAULT,29,M,White,OTHER BUSINESS,,Invest Cont,34.0655,-118.2387
100101349,2010-08-15,2010-08-15,18:00,Central,INTIMATE PARTNER - SIMPLE ASSAULT,57,M,Black,SIDEWALK,"STRONG-ARM (HANDS, FIST, FEET OR BODILY FORCE)",Invest Cont,34.0454,-118.2466
100101350,2010-08-15,2010-08-15,17:30,Central,INTIMATE PARTNER - SIMPLE ASSAULT,38,F,Black,SIDEWALK,"STRONG-ARM (HANDS, FIST, FEET OR BODILY FORCE)",Invest Cont,34.0454,-118.2466
100101353,2010-08-16,2010-08-16,04:10,Central,VANDALISM - MISDEAMEANOR ($399 OR UNDER),31,F,White,"MULTI-UNIT DWELLING (APARTMENT, DUPLEX, ETC)",,Invest Cont,34.0473,-118.2601
100101355,2010-08-18,2010-08-17,23:00,Central,INTIMATE PARTNER - SIMPLE ASSAULT,28,F,White,HOTEL,"STRONG-ARM (HANDS, FIST, FEET OR BODILY FORCE)",Adult Arrest,34.0446,-118.245
100101356,2010-08-18,2010-08-18,15:00,Central,BRANDISH WEAPON,22,M,Hispanic/Latin/Mexican,STREET,OTHER KNIFE,Adult Arrest,34.0364,-118.2406
100101364,2010-08-20,2010-08-19,23:45,Central,ROBBERY,25,M,Hispanic/Latin/Mexican,STREET,"STRONG-ARM (HANDS, FIST, FEET OR BODILY FORCE)",Adult Other,34.0446,-118.249
100101365,2010-08-20,2010-08-19,23:00,Central,BATTERY - SIMPLE ASSAULT,33,M,White,SINGLE FAMILY DWELLING,"STRONG-ARM (HANDS, FIST, FEET OR BODILY FORCE)",Adult Other,34.0395,-118.2656
100101367,2010-08-20,2010-08-19,22:25,Central,BATTERY - SIMPLE ASSAULT,51,F,Black,SIDEWALK,"STRONG-ARM (HANDS, FIST, FEET OR BODILY FORCE)",Invest Cont,34.0446,-118.245
100101369,2010-08-20,2010-08-20,20:00,Central,SHOPLIFTING - PETTY THEFT ($950 & UNDER),23,M,Hispanic/Latin/Mexican,DEPARTMENT STORE,,Invest Cont,34.048,-118.2577
100101370,2010-08-20,2010-08-20,20:45,Central,BATTERY - SIMPLE ASSAULT,60,F,Other Asian,SIDEWALK,"STRONG-ARM (HANDS, FIST, FEET OR BODILY FORCE)",Invest Cont,34.0423,-118.2452
100101371,2010-08-21,2010-08-21,16:00,Central,ROBBERY,52,M,Hispanic/Latin/Mexican,STREET,"STRONG-ARM (HANDS, FIST, FEET OR BODILY FORCE)",Invest Cont,34.0428,-118.2461
100101375,2010-08-22,2010-08-22,02:10,Central,BATTERY - SIMPLE ASSAULT,35,M,Hispanic/Latin/Mexican,PARKING LOT,"STRONG-ARM (HANDS, FIST, FEET OR BODILY FORCE)",Invest Cont,34.0457,-118.2665
100101378,2010-08-23,2010-08-23,00:20,Central,TRESPASSING,40,M,White,"TRAIN DEPOT/TERMINAL, OTHER THAN MTA",,Invest Cont,34.0563,-118.2374
100101379,2010-08-23,2010-08-23,00:30,Central,VANDALISM - MISDEAMEANOR ($399 OR UNDER),22,M,Hispanic/Latin/Mexican,SIDEWALK,,Adult Other,34.0347,-118.2645
100101382,2010-08-25,2010-08-24,19:50,Central,OTHER MISCELLANEOUS CRIME,24,M,Hispanic/Latin/Mexican,DEPARTMENT STORE,,Adult Arrest,34.048,-118.2577
100101384,2010-08-25,2010-08-24,23:30,Central,BATTERY - SIMPLE ASSAULT,23,M,Black,STREET,"STRONG-ARM (HANDS, FIST, FEET OR BODILY FORCE)",Invest Cont,34.0419,-118.2485
100101385,2010-08-24,2010-08-24,20:00,Central,ROBBERY,25,M,Hispanic/Latin/Mexican,STREET,CLUB/BAT,Invest Cont,34.048,-118.2438
100101407,2010-08-28,2010-08-27,22:55,Central,BURGLARY,46,M,Other,OTHER BUSINESS,,Adult Arrest,34.0408,-118.2511
100101417,2010-09-04,2010-09-04,15:40,Central,ROBBERY,49,M,Hispanic/Latin/Mexican,SIDEWALK,"STRONG-ARM (HANDS, FIST, FEET OR BODILY FORCE)",Invest Cont,34.0442,-118.2439
100101419,2010-09-04,2010-09-04,17:35,Central,ROBBERY,0,M,Hispanic/Latin/Mexican,LIQUOR STORE,"STRONG-ARM (HANDS, FIST, FEET OR BODILY FORCE)",Adult Arrest,34.0359,-118.2344
100101421,2010-09-04,2010-09-04,14:20,Newton,BATTERY POLICE (SIMPLE),36,M,Hispanic/Latin/Mexican,STREET,"STRONG-ARM (HANDS, FIST, FEET OR BODILY FORCE)",Invest Cont,34.0376,-118.2531
100101422,2010-09-04,2010-09-04,14:20,Newton,BATTERY POLICE (SIMPLE),34,M,Hispanic/Latin/Mexican,STREET,"STRONG-ARM (HANDS, FIST, FEET OR BODILY FORCE)",Invest Cont,34.0369,-118.2522
100101423,2010-09-04,2010-09-04,19:20,Central,"ASSAULT WITH DEADLY WEAPON, AGGRAVATED ASSAULT",47,F,White,SIDEWALK,OTHER CUTTING INSTRUMENT,Adult Arrest,34.0423,-118.2452
100101424,2010-09-05,2010-09-05,01:30,Central,"ASSAULT WITH DEADLY WEAPON, AGGRAVATED ASSAULT",33,M,Hispanic/Latin/Mexican,SIDEWALK,OTHER CUTTING INSTRUMENT,Invest Cont,34.0342,-118.2636
100101425,2010-09-06,2010-09-05,19:00,Central,ROBBERY,54,F,Black,SIDEWALK,"STRONG-ARM (HANDS, FIST, FEET OR BODILY FORCE)",Adult Arrest,34.0423,-118.2452
100101427,2010-09-07,2010-09-06,21:45,Central,CRIMINAL THREATS - NO WEAPON DISPLAYED,38,M,Hispanic/Latin/Mexican,STREET,OTHER KNIFE,Adult Arrest,34.0459,-118.2545
100101428,2010-09-07,2010-09-06,21:30,Central,CRIMINAL THREATS - NO WEAPON DISPLAYED,41,M,Hispanic/Latin/Mexican,SIDEWALK,OTHER KNIFE,Adult Arrest,34.0445,-118.2523
100101429,2010-09-08,2010-09-08,09:30,Central,THROWING OBJECT AT MOVING VEHICLE,28,M,White,STREET,UNKNOWN WEAPON/OTHER WEAPON,Adult Other,34.0485,-118.2447
100101435,2010-09-09,2010-09-08,11:55,Central,"THEFT-GRAND ($950.01 & OVER)EXCPT,GUNS,FOWL,LIVESTK,PROD",40,M,White,SIDEWALK,,Adult Arrest,34.0478,-118.2454
100101438,2010-09-12,2010-09-12,13:15,Central,BATTERY - SIMPLE ASSAULT,26,F,Black,"MULTI-UNIT DWELLING (APARTMENT, DUPLEX, ETC)","STRONG-ARM (HANDS, FIST, FEET OR BODILY FORCE)",Adult Arrest,34.0482,-118.2472
100101439,2010-09-12,2010-09-12,21:00,Central,VANDALISM - MISDEAMEANOR ($399 OR UNDER),19,M,Other,CHURCH/CHAPEL (CHANGED 03-03 FROM CHURCH/TEMPLE),,Adult Other,34.0588,-118.2458
100101441,2010-09-13,2010-09-13,02:50,Central,BURGLARY,51,M,Hispanic/Latin/Mexican,OTHER BUSINESS,,Invest Cont,34.0375,-118.27
100101442,2010-09-13,2010-09-12,23:00,Central,BURGLARY,33,M,Other Asian,RESTAURANT/FAST FOOD,,Invest Cont,34.0467,-118.2556
100101451,2010-09-18,2010-09-18,05:55,Central,"ASSAULT WITH DEADLY WEAPON, AGGRAVATED ASSAULT",52,F,Black,PUBLIC RESTROOM/OUTSIDE*,BRASS KNUCKLES,Invest Cont,34.0423,-118.2452
100101453,2010-09-19,2010-09-18,13:25,Central,CHILD ABUSE (PHYSICAL) - SIMPLE ASSAULT,7,M,Black,PARK/PLAYGROUND,"STRONG-ARM (HANDS, FIST, FEET OR BODILY FORCE)",Invest Cont,34.0488,-118.2518
100101454,2010-09-18,2010-09-18,05:40,Central,SHOPLIFTING - PETTY THEFT ($950 & UNDER),21,M,Hispanic/Latin/Mexican,DEPARTMENT STORE,,Invest Cont,34.048,-118.2577
100101455,2010-09-19,2010-09-17,23:00,Central,BATTERY - SIMPLE ASSAULT,50,F,White,"MULTI-UNIT DWELLING (APARTMENT, DUPLEX, ETC)","STRONG-ARM (HANDS, FIST, FEET OR BODILY FORCE)",Adult Other,34.046,-118.2509
100101467,2010-09-23,2010-09-23,21:35,Central,"ASSAULT WITH DEADLY WEAPON, AGGRAVATED ASSAULT",26,M,Hispanic/Latin/Mexican,"MULTI-UNIT DWELLING (APARTMENT, DUPLEX, ETC)",KITCHEN KNIFE,Adult Arrest,34.0408,-118.2428
100101469,2010-09-25,2010-09-24,20:45,Central,"VANDALISM - FELONY ($400 & OVER, ALL CHURCH VANDALISMS)",0,M,Other,STREET,UNKNOWN WEAPON/OTHER WEAPON,Invest Cont,34.0467,-118.2427
100101471,2010-09-25,2010-09-24,18:00,Central,THEFT PLAIN - PETTY ($950 & UNDER),37,M,Hispanic/Latin/Mexican,DEPARTMENT STORE,,Invest Cont,34.048,-118.2577
100101476,2010-09-25,2010-09-25,15:35,Central,BATTERY - SIMPLE ASSAULT,58,M,Hispanic/Latin/Mexican,PARKING LOT,"STRONG-ARM (HANDS, FIST, FEET OR BODILY FORCE)",Invest Cont,34.0459,-118.2579
100101477,2010-09-25,2010-09-25,14:30,Central,INTIMATE PARTNER - AGGRAVATED ASSAULT,32,M,Black,"VEHICLE, PASSENGER/TRUCK","STRONG-ARM (HANDS, FIST, FEET OR BODILY FORCE)",Adult Other,34.039,-118.2444
100101480,2010-09-29,2010-09-28,22:20,Central,BURGLARY FROM VEHICLE,21,F,Black,STREET,,Adult Arrest,34.0431,-118.2536
100101482,2010-10-02,2010-10-02,14:55,Central,CHILD ANNOYING (17YRS & UNDER),13,F,Hispanic/Latin/Mexican,SIDEWALK,,Adult Arrest,34.0452,-118.2534
100101487,2010-10-05,2010-10-04,19:50,Central,ROBBERY,24,M,Hispanic/Latin/Mexican,RESTAURANT/FAST FOOD,MACE/PEPPER SPRAY,Adult Arrest,34.0488,-118.2483
100101490,2010-10-09,2010-10-09,14:55,Central,BATTERY - SIMPLE ASSAULT,28,M,Black,STREET,"STRONG-ARM (HANDS, FIST, FEET OR BODILY FORCE)",Invest Cont,34.0446,-118.245
100101492,2010-10-10,2010-10-10,00:40,Central,INTIMATE PARTNER - SIMPLE ASSAULT,38,F,Black,SIDEWALK,"STRONG-ARM (HANDS, FIST, FEET OR BODILY FORCE)",Invest Cont,34.0408,-118.2511
100101496,2010-10-10,2010-10-10,11:30,Central,OTHER MISCELLANEOUS CRIME,9,M,Other,STREET,,Invest Cont,34.0623,-118.2383
100101498,2010-10-11,2010-10-11,20:30,Central,"VANDALISM - FELONY ($400 & OVER, ALL CHURCH VANDALISMS)",26,M,Hispanic/Latin/Mexican,LIBRARY,,Adult Arrest,34.0503,-118.2433
100101499,2010-10-13,2010-10-12,23:30,Central,ROBBERY,45,F,White,"MULTI-UNIT DWELLING (APARTMENT, DUPLEX, ETC)",HAND GUN,Invest Cont,34.0368,-118.2412
100101500,2010-10-13,2010-10-13,16:15,Central,INTIMATE PARTNER - SIMPLE ASSAULT,35,M,White,"MULTI-UNIT DWELLING (APARTMENT, DUPLEX, ETC)","STRONG-ARM (HANDS, FIST, FEET OR BODILY FORCE)",Adult Arrest,34.0474,-118.2496
100101513,2010-10-15,2010-10-14,15:15,Central,"ASSAULT WITH DEADLY WEAPON, AGGRAVATED ASSAULT",41,M,Hispanic/Latin/Mexican,SIDEWALK,BELT FLAILING INSTRUMENT/CHAIN,Invest Cont,34.0403,-118.2421
100101520,2010-10-18,2010-10-18,01:15,Central,"ASSAULT WITH DEADLY WEAPON, AGGRAVATED ASSAULT",43,M,White,BAR/COCKTAIL/NIGHTCLUB,BOTTLE,Invest Cont,34.0524,-118.2467
100101521,2010-10-18,2010-10-18,06:00,Central,CHILD ABUSE (PHYSICAL) - AGGRAVATED ASSAULT,0,M,Hispanic/Latin/Mexican,SIDEWALK,"STRONG-ARM (HANDS, FIST, FEET OR BODILY FORCE)",Adult Other,34.0347,-118.2345
100101523,2010-10-21,2010-10-19,10:00,Central,SODOMY/SEXUAL CONTACT B/W PENIS OF ONE PERS TO ANUS OTH,22,M,White,PARKING LOT,"STRONG-ARM (HANDS, FIST, FEET OR BODILY FORCE)",Adult Other,34.0484,-118.2339
100101524,2010-10-20,2010-10-20,02:00,Central,"VANDALISM - FELONY ($400 & OVER, ALL CHURCH VANDALISMS)",30,M,Hispanic/Latin/Mexican,STREET,,Adult Arrest,34.0488,-118.2518
100101527,2010-10-20,2010-10-19,21:00,Central,BURGLARY,28,M,Hispanic/Latin/Mexican,PARKING UNDERGROUND/BUILDING,,Invest Cont,34.0509,-118.2585
100101528,2010-10-20,2010-10-20,10:45,Central,OTHER MISCELLANEOUS CRIME,9,M,Other,OTHER PREMISE,,Invest Cont,34.0383,-118.254
100101529,2010-10-20,2010-10-20,10:45,Central,OTHER MISCELLANEOUS CRIME,9,M,Other,RESTAURANT/FAST FOOD,,Invest Cont,34.0389,-118.255
100101531,2010-10-21,2010-10-21,03:25,Central,OTHER MISCELLANEOUS CRIME,46,F,Hispanic/Latin/Mexican,"MULTI-UNIT DWELLING (APARTMENT, DUPLEX, ETC)",,Invest Cont,34.039,-118.2444
100101534,2010-10-21,2010-05-27,08:30,Central,OTHER MISCELLANEOUS CRIME,0,M,Unknown,POLICE FACILITY,,Adult Other,34.0446,-118.249
100101536,2010-10-23,2010-10-23,01:15,Central,VANDALISM - MISDEAMEANOR ($399 OR UNDER),39,F,Hispanic/Latin/Mexican,PARKING LOT,"STRONG-ARM (HANDS, FIST, FEET OR BODILY FORCE)",Invest Cont,34.064,-118.2375
100101544,2010-10-24,2010-10-24,02:30,Central,BURGLARY,29,F,Hispanic/Latin/Mexican,RESTAURANT/FAST FOOD,,Invest Cont,34.0559,-118.2296
100101551,2010-10-25,2010-10-25,21:45,Central,OTHER MISCELLANEOUS CRIME,45,F,Black,SIDEWALK,,Invest Cont,34.0407,-118.2468
100101552,2010-10-26,2010-10-26,01:00,Central,"ASSAULT WITH DEADLY WEAPON, AGGRAVATED ASSAULT",40,M,Hispanic/Latin/Mexican,SIDEWALK,UNKNOWN WEAPON/OTHER WEAPON,Invest Cont,34.0435,-118.2471
100101562,2010-10-29,2010-10-29,19:35,Central,INTIMATE PARTNER - AGGRAVATED ASSAULT,54,M,Black,"MULTI-UNIT DWELLING (APARTMENT, DUPLEX, ETC)",BOTTLE,Adult Arrest,34.046,-118.2509
100101563,2010-10-30,2010-10-30,02:00,Central,BATTERY - SIMPLE ASSAULT,38,M,Hispanic/Latin/Mexican,SIDEWALK,"STRONG-ARM (HANDS, FIST, FEET OR BODILY FORCE)",Invest Cont,34.0482,-118.2472
100101564,2010-10-29,2010-10-29,21:30,Central,DOCUMENT FORGERY / STOLEN FELONY,39,F,White,SINGLE FAMILY DWELLING,,Invest Cont,34.045,-118.264
100101567,2010-10-31,2010-10-30,23:00,Central,BURGLARY FROM VEHICLE,34,F,Hispanic/Latin/Mexican,STREET,,Invest Cont,34.0598,-118.2485
100101571,2010-11-03,2010-11-02,20:45,Central,"THEFT-GRAND ($950.01 & OVER)EXCPT,GUNS,FOWL,LIVESTK,PROD",32,M,Hispanic/Latin/Mexican,OTHER BUSINESS,,Invest Cont,34.048,-118.2577
100101572,2010-11-03,2010-11-02,12:00,Central,ORAL COPULATION,24,F,Hispanic/Latin/Mexican,"MULTI-UNIT DWELLING (APARTMENT, DUPLEX, ETC)","STRONG-ARM (HANDS, FIST, FEET OR BODILY FORCE)",Adult Other,34.051,-118.248
100101586,2010-11-06,2010-11-06,00:20,Central,INTIMATE PARTNER - SIMPLE ASSAULT,26,F,White,HOTEL,"STRONG-ARM (HANDS, FIST, FEET OR BODILY FORCE)",Invest Cont,34.0538,-118.2488
100101587,2010-11-07,2010-11-05,20:45,Central,"ASSAULT WITH DEADLY WEAPON, AGGRAVATED ASSAULT",50,F,Black,HOTEL,OTHER KNIFE,Invest Cont,34.0364,-118.2406
100101591,2010-11-10,2010-11-09,10:55,Central,BATTERY - SIMPLE ASSAULT,20,M,Hispanic/Latin/Mexican,SIDEWALK,AIR PISTOL/REVOLVER/RIFLE/BB GUN,Invest Cont,34.0545,-118.2499
100101592,2010-11-09,2010-11-09,00:01,Central,INTIMATE PARTNER - SIMPLE ASSAULT,39,M,White,SPORTS ARENA,,Adult Arrest,34.0437,-118.2652
100101593,2010-11-09,2010-11-09,23:00,Central,VANDALISM - MISDEAMEANOR ($399 OR UNDER),9,M,White,JEWELRY STORE,,Invest Cont,34.0467,-118.2556
100101594,2010-11-11,2010-11-09,19:35,Central,"ASSAULT WITH DEADLY WEAPON, AGGRAVATED ASSAULT",45,M,Hispanic/Latin/Mexican,"MULTI-UNIT DWELLING (APARTMENT, DUPLEX, ETC)",KNIFE WITH BLADE OVER 6 INCHES IN LENGTH,Invest Cont,34.0446,-118.245
100101598,2010-11-11,2010-11-10,20:35,Central,"ASSAULT WITH DEADLY WEAPON, AGGRAVATED ASSAULT",45,M,Black,SIDEWALK,UNKNOWN WEAPON/OTHER WEAPON,Invest Cont,34.0439,-118.2479
100101599,2010-11-11,2010-11-10,16:00,Central,BATTERY POLICE (SIMPLE),31,M,Black,STREET,"STRONG-ARM (HANDS, FIST, FEET OR BODILY FORCE)",Adult Other,34.0423,-118.2452
100101600,2010-11-11,2010-11-11,09:00,Central,SHOPLIFTING - PETTY THEFT ($950 & UNDER),0,M,White,OTHER BUSINESS,,Adult Arrest,34.0419,-118.2485
100101605,2010-11-15,2010-11-14,12:45,Central,CRIMINAL HOMICIDE,48,M,Other,SIDEWALK,"STRONG-ARM (HANDS, FIST, FEET OR BODILY FORCE)",Adult Arrest,34.0435,-118.2427
100101607,2010-11-17,2010-11-17,03:35,Central,BATTERY - SIMPLE ASSAULT,56,F,Black,SIDEWALK,"STRONG-ARM (HANDS, FIST, FEET OR BODILY FORCE)",Invest Cont,34.0446,-118.249
100101608,2010-11-16,2010-11-15,19:00,Central,CRUELTY TO ANIMALS,23,F,White,"MULTI-UNIT DWELLING (APARTMENT, DUPLEX, ETC)",,Invest Cont,34.0481,-118.2507
100101609,2010-11-16,2010-10-30,12:00,Central,CRUELTY TO ANIMALS,28,F,White,"MULTI-UNIT DWELLING (APARTMENT, DUPLEX, ETC)",,Invest Cont,34.0481,-118.2507
100101610,2010-11-17,2010-11-17,08:00,Central,INTIMATE PARTNER - SIMPLE ASSAULT,47,F,Black,"MULTI-UNIT DWELLING (APARTMENT, DUPLEX, ETC)","STRONG-ARM (HANDS, FIST, FEET OR BODILY FORCE)",Invest Cont,34.0423,-118.2452
100101611,2010-11-18,2010-11-17,12:15,Central,BATTERY - SIMPLE ASSAULT,36,M,Hispanic/Latin/Mexican,ELEVATOR,"STRONG-ARM (HANDS, FIST, FEET OR BODILY FORCE)",Adult Other,34.0495,-118.2563
100101612,2010-11-17,2010-11-17,12:15,Central,BATTERY - SIMPLE ASSAULT,20,F,Hispanic/Latin/Mexican,ELEVATOR,"STRONG-ARM (HANDS, FIST, FEET OR BODILY FORCE)",Adult Other,34.0495,-118.2563
100101614,2010-11-17,2010-11-17,14:50,Central,ROBBERY,0,M,Black,OTHER PREMISE,"STRONG-ARM (HANDS, FIST, FEET OR BODILY FORCE)",Adult Arrest,34.039,-118.24
100101615,2010-11-16,2010-11-16,21:00,Central,INTIMATE PARTNER - AGGRAVATED ASSAULT,47,F,White,"MULTI-UNIT DWELLING (APARTMENT, DUPLEX, ETC)","STRONG-ARM (HANDS, FIST, FEET OR BODILY FORCE)",Adult Arrest,34.0439,-118.2514
100101616,2010-11-18,2010-11-18,04:40,Central,"ASSAULT WITH DEADLY WEAPON, AGGRAVATED ASSAULT",57,M,Hispanic/Latin/Mexican,"MULTI-UNIT DWELLING (APARTMENT, DUPLEX, ETC)",CLUB/BAT,Invest Cont,34.0635,-118.2426
100101618,2010-11-18,2010-11-18,16:30,Central,ARSON,29,F,Hispanic/Latin/Mexican,"MULTI-UNIT DWELLING (APARTMENT, DUPLEX, ETC)","STRONG-ARM (HANDS, FIST, FEET OR BODILY FORCE)",Invest Cont,34.0401,-118.2668
100104080,2010-01-02,2010-01-02,13:00,Central,BURGLARY FROM VEHICLE,43,M,White,PARKING LOT,,Invest Cont,34.0424,-118.2718
100101621,2010-11-19,2010-11-19,15:30,Central,SHOPLIFTING - PETTY THEFT ($950 & UNDER),22,M,Hispanic/Latin/Mexican,DEPARTMENT STORE,,Adult Arrest,34.048,-118.2577
100101630,2010-11-21,2010-11-21,17:04,Central,ROBBERY,0,M,Other,JEWELRY STORE,"STRONG-ARM (HANDS, FIST, FEET OR BODILY FORCE)",Adult Arrest,34.0481,-118.2507
100101637,2010-11-23,2010-11-23,22:00,Central,BATTERY - SIMPLE ASSAULT,33,F,Hispanic/Latin/Mexican,"MULTI-UNIT DWELLING (APARTMENT, DUPLEX, ETC)","STRONG-ARM (HANDS, FIST, FEET OR BODILY FORCE)",Invest Cont,34.0509,-118.2551
100101639,2010-11-24,2010-11-24,22:05,Central,BATTERY - SIMPLE ASSAULT,47,M,Black,STREET,"STRONG-ARM (HANDS, FIST, FEET OR BODILY FORCE)",Invest Cont,34.045,-118.264
100101643,2010-11-26,2010-11-25,21:00,Central,ROBBERY,51,M,Hispanic/Latin/Mexican,SIDEWALK,OTHER KNIFE,Invest Cont,34.0461,-118.2476
100101646,2010-11-27,2010-11-20,00:01,Central,"THEFT-GRAND ($950.01 & OVER)EXCPT,GUNS,FOWL,LIVESTK,PROD",33,M,Hispanic/Latin/Mexican,OTHER BUSINESS,,Invest Cont,34.0365,-118.2364
100101649,2010-11-27,2010-11-26,17:30,Central,THEFT PLAIN - PETTY ($950 & UNDER),15,F,Black,CLOTHING STORE,,Invest Cont,34.048,-118.2577
100101651,2010-11-27,2010-11-27,01:50,Central,BATTERY - SIMPLE ASSAULT,28,M,White,SIDEWALK,"STRONG-ARM (HANDS, FIST, FEET OR BODILY FORCE)",Invest Cont,34.0454,-118.2657
100101652,2010-11-27,2010-11-27,01:10,Central,VEHICLE - ATTEMPT STOLEN,0,M,Other,STREET,,Adult Arrest,34.0446,-118.249
100101653,2010-11-27,2010-11-27,02:20,Central,"ASSAULT WITH DEADLY WEAPON, AGGRAVATED ASSAULT",34,M,Hispanic/Latin/Mexican,SIDEWALK,"STRONG-ARM (HANDS, FIST, FEET OR BODILY FORCE)",Invest Cont,34.0489,-118.2453
100101669,2010-12-03,2010-12-03,00:25,Central,BURGLARY,53,M,Black,SINGLE FAMILY DWELLING,"STRONG-ARM (HANDS, FIST, FEET OR BODILY FORCE)",Invest Cont,34.0439,-118.2514
100101670,2010-12-03,2010-12-02,19:00,Central,"RAPE, FORCIBLE",45,F,Hispanic/Latin/Mexican,PARKING LOT,"STRONG-ARM (HANDS, FIST, FEET OR BODILY FORCE)",Invest Cont,34.0209,-118.2784
100101672,2010-12-04,2010-12-04,19:20,Central,ROBBERY,53,M,Black,SIDEWALK,KNIFE WITH BLADE 6INCHES OR LESS,Invest Cont,34.0452,-118.2534
100101677,2010-12-08,2010-12-08,08:00,Central,THEFT PLAIN - ATTEMPT,24,M,Other Asian,PARKING LOT,,Invest Cont,34.0416,-118.262
100101684,2010-12-10,2010-12-10,16:10,Central,SHOPLIFTING-GRAND THEFT ($950.01 & OVER),22,M,Hispanic/Latin/Mexican,DEPARTMENT STORE,,Adult Arrest,34.048,-118.2577
100101685,2010-12-11,2010-12-11,13:30,Central,"THEFT-GRAND ($950.01 & OVER)EXCPT,GUNS,FOWL,LIVESTK,PROD",58,F,White,HIGH SCHOOL,,Invest Cont,34.0594,-118.2452
100101691,2010-12-12,2010-12-12,01:00,Central,BRANDISH WEAPON,40,M,Hispanic/Latin/Mexican,STREET,OTHER KNIFE,Invest Cont,34.0581,-118.2371
100101692,2010-12-12,2010-12-12,01:00,Central,INTIMATE PARTNER - SIMPLE ASSAULT,21,F,Black,HOTEL,"STRONG-ARM (HANDS, FIST, FEET OR BODILY FORCE)",Invest Cont,34.0467,-118.2556
100101693,2010-12-12,2010-12-12,02:30,Central,INTIMATE PARTNER - SIMPLE ASSAULT,44,F,Hispanic/Latin/Mexican,STREET,"STRONG-ARM (HANDS, FIST, FEET OR BODILY FORCE)",Invest Cont,34.0416,-118.2584
100101694,2010-12-12,2010-12-12,04:00,Central,VANDALISM - MISDEAMEANOR ($399 OR UNDER),9,M,Other,OTHER BUSINESS,,Adult Arrest,34.042,-118.2328
100101696,2010-12-13,2010-12-12,02:00,Central,BATTERY - SIMPLE ASSAULT,29,F,Hispanic/Latin/Mexican,PARKING LOT,"STRONG-ARM (HANDS, FIST, FEET OR BODILY FORCE)",Invest Cont,34.0509,-118.2585
100101698,2010-12-14,2010-12-13,19:45,Central,CHILD ABUSE (PHYSICAL) - SIMPLE ASSAULT,10,F,Hispanic/Latin/Mexican,"MULTI-UNIT DWELLING (APARTMENT, DUPLEX, ETC)",BELT FLAILING INSTRUMENT/CHAIN,Adult Arrest,34.0633,-118.229
100101700,2010-12-15,2010-12-15,18:20,Central,"THEFT-GRAND ($950.01 & OVER)EXCPT,GUNS,FOWL,LIVESTK,PROD",21,F,Hispanic/Latin/Mexican,OTHER BUSINESS,,Invest Cont,34.051,-118.248
100101702,2010-12-15,2010-12-15,21:15,Central,BATTERY - SIMPLE ASSAULT,22,F,Hispanic/Latin/Mexican,SIDEWALK,"STRONG-ARM (HANDS, FIST, FEET OR BODILY FORCE)",Invest Cont,34.0489,-118.2453
100101703,2010-12-16,2010-12-16,09:35,Central,THROWING OBJECT AT MOVING VEHICLE,9,M,Hispanic/Latin/Mexican,SIDEWALK,,Invest Cont,34.0446,-118.245
100101704,2010-12-17,2010-12-16,20:30,Central,BATTERY - SIMPLE ASSAULT,49,M,Black,"BUS DEPOT/TERMINAL, OTHER THAN MTA","STRONG-ARM (HANDS, FIST, FEET OR BODILY FORCE)",Invest Cont,34.0446,-118.245
100101709,2010-12-17,2010-12-13,11:14,Central,THEFT PLAIN - PETTY ($950 & UNDER),15,F,Hispanic/Latin/Mexican,HIGH SCHOOL,,Invest Cont,34.0594,-118.2452
100101713,2010-12-23,2010-12-22,00:01,Central,THEFT OF IDENTITY,0,M,Hispanic/Latin/Mexican,BANK,,Invest Cont,34.0445,-118.2558
100101717,2010-12-23,2010-12-23,15:35,Central,OTHER MISCELLANEOUS CRIME,47,M,Other,STREET,UNKNOWN FIREARM,Invest Cont,34.0713,-118.2506
100101718,2010-12-24,2010-12-24,13:20,Central,"THEFT-GRAND ($950.01 & OVER)EXCPT,GUNS,FOWL,LIVESTK,PROD",22,M,Hispanic/Latin/Mexican,DEPARTMENT STORE,,Adult Arrest,34.048,-118.2577
100101720,2010-12-25,2010-12-25,00:01,Central,"VANDALISM - FELONY ($400 & OVER, ALL CHURCH VANDALISMS)",37,F,Black,"GOVERNMENT FACILITY (FEDERAL,STATE, COUNTY & CITY)",,Adult Arrest,34.051,-118.2445
100101721,2010-12-25,2010-12-24,19:00,Central,"ASSAULT WITH DEADLY WEAPON, AGGRAVATED ASSAULT",18,M,Hispanic/Latin/Mexican,SIDEWALK,OTHER KNIFE,Invest Cont,34.0439,-118.2514
100101731,2010-11-05,2010-11-05,22:15,Central,OTHER MISCELLANEOUS CRIME,52,M,Hispanic/Latin/Mexican,STREET,,Invest Cont,34.043,-118.2571
100104004,2010-01-01,2010-01-01,01:30,Central,"ASSAULT WITH DEADLY WEAPON, AGGRAVATED ASSAULT",35,M,Other,POLICE FACILITY,BLUNT INSTRUMENT,Adult Arrest,34.0487,-118.2588
100104006,2010-01-01,2010-01-01,02:30,Central,BATTERY - SIMPLE ASSAULT,30,M,Hispanic/Latin/Mexican,STREET,"STRONG-ARM (HANDS, FIST, FEET OR BODILY FORCE)",Invest Cont,34.0453,-118.2651
100104007,2010-01-01,2010-01-01,01:00,Central,BURGLARY FROM VEHICLE,32,M,Hispanic/Latin/Mexican,PARKING UNDERGROUND/BUILDING,,Invest Cont,34.0591,-118.2412
100104012,2010-01-01,2010-01-01,11:45,Central,BATTERY - SIMPLE ASSAULT,51,M,Hispanic/Latin/Mexican,OTHER/OUTSIDE,"STRONG-ARM (HANDS, FIST, FEET OR BODILY FORCE)",Invest Cont,34.0494,-118.2581
100104021,2010-01-01,2010-01-01,11:30,Central,"ASSAULT WITH DEADLY WEAPON, AGGRAVATED ASSAULT",51,M,Black,SIDEWALK,UNKNOWN WEAPON/OTHER WEAPON,Invest Cont,34.0428,-118.2461
100104023,2010-01-01,2010-01-01,13:00,Central,BURGLARY FROM VEHICLE,24,F,Black,PARKING UNDERGROUND/BUILDING,,Invest Cont,34.0617,-118.2469
100104024,2010-01-01,2010-01-01,14:00,Central,THEFT PLAIN - PETTY ($950 & UNDER),35,F,White,"MULTI-UNIT DWELLING (APARTMENT, DUPLEX, ETC)","STRONG-ARM (HANDS, FIST, FEET OR BODILY FORCE)",Adult Arrest,34.0446,-118.249
100104028,2010-01-01,2010-01-01,12:00,Central,BURGLARY FROM VEHICLE,30,F,Black,STREET,,Invest Cont,34.0503,-118.2506
100104030,2010-01-01,2010-01-01,03:00,Central,BATTERY - SIMPLE ASSAULT,28,M,Hispanic/Latin/Mexican,PARKING LOT,"STRONG-ARM (HANDS, FIST, FEET OR BODILY FORCE)",Invest Cont,34.0617,-118.2469
100104055,2010-01-02,2010-01-02,05:00,Central,VANDALISM - MISDEAMEANOR ($399 OR UNDER),37,M,Hispanic/Latin/Mexican,"MULTI-UNIT DWELLING (APARTMENT, DUPLEX, ETC)",,Adult Arrest,34.0474,-118.2496
100104056,2010-01-01,2010-01-01,01:30,Central,"ASSAULT WITH DEADLY WEAPON, AGGRAVATED ASSAULT",32,F,Other,RESTAURANT/FAST FOOD,UNKNOWN WEAPON/OTHER WEAPON,Adult Arrest,34.0487,-118.2588
100104057,2010-01-01,2010-01-01,01:30,Central,"ASSAULT WITH DEADLY WEAPON, AGGRAVATED ASSAULT",24,F,Other,RESTAURANT/FAST FOOD,UNKNOWN WEAPON/OTHER WEAPON,Adult Arrest,34.0487,-118.2588
100104063,2010-01-02,2010-01-01,22:30,Central,BURGLARY FROM VEHICLE,30,F,Black,STREET,,Invest Cont,34.0454,-118.236
100104064,2010-01-02,2010-01-01,18:30,Central,BURGLARY FROM VEHICLE,26,F,Other,STREET,,Invest Cont,34.0463,-118.2371
100104065,2010-01-02,2010-01-01,22:30,Central,BURGLARY FROM VEHICLE,27,F,Other,STREET,,Invest Cont,34.0454,-118.236
100104066,2010-01-01,2010-01-01,16:00,Central,BATTERY - SIMPLE ASSAULT,46,M,White,"MULTI-UNIT DWELLING (APARTMENT, DUPLEX, ETC)",UNKNOWN WEAPON/OTHER WEAPON,Invest Cont,34.0502,-118.2574
100104067,2010-01-02,2010-01-01,19:40,Central,BATTERY - SIMPLE ASSAULT,41,M,Black,STREET,"STRONG-ARM (HANDS, FIST, FEET OR BODILY FORCE)",Invest Cont,34.0467,-118.2485
100104068,2010-01-02,2010-01-02,07:30,Central,BATTERY - SIMPLE ASSAULT,46,M,Black,SIDEWALK,"STRONG-ARM (HANDS, FIST, FEET OR BODILY FORCE)",Invest Cont,34.0446,-118.249
100104069,2010-01-02,2010-01-01,19:30,Central,THEFT FROM MOTOR VEHICLE - PETTY ($950 & UNDER),0,X,,STREET,,Invest Cont,34.0395,-118.2656
100104070,2010-01-02,2010-01-02,00:55,Central,BATTERY - SIMPLE ASSAULT,40,M,Hispanic/Latin/Mexican,HOTEL,"STRONG-ARM (HANDS, FIST, FEET OR BODILY FORCE)",Invest Cont,34.0453,-118.2499
100104078,2010-01-02,2010-01-02,17:15,Central,INTIMATE PARTNER - SIMPLE ASSAULT,56,F,Hispanic/Latin/Mexican,PARK/PLAYGROUND,"STRONG-ARM (HANDS, FIST, FEET OR BODILY FORCE)",Invest Cont,34.0677,-118.2309
100104079,2010-01-02,2010-01-02,12:40,Central,BURGLARY FROM VEHICLE,57,M,White,PARKING LOT,,Invest Cont,34.0424,-118.2718
100104082,2010-01-02,2010-01-02,16:10,Central,BATTERY - SIMPLE ASSAULT,42,F,Black,SIDEWALK,"STRONG-ARM (HANDS, FIST, FEET OR BODILY FORCE)",Invest Cont,34.0467,-118.2556
100104083,2010-01-02,2010-01-01,16:00,Central,BURGLARY,30,M,White,SINGLE FAMILY DWELLING,,Invest Cont,34.0673,-118.2499
100104446,2010-01-09,2010-01-08,22:00,Central,BURGLARY FROM VEHICLE,34,F,Hispanic/Latin/Mexican,STREET,,Invest Cont,34.0607,-118.2494
100104085,2010-01-02,2010-01-02,19:00,Central,BATTERY - SIMPLE ASSAULT,49,F,Black,"MULTI-UNIT DWELLING (APARTMENT, DUPLEX, ETC)",UNKNOWN WEAPON/OTHER WEAPON,Invest Cont,34.0423,-118.2452
100104086,2010-01-02,2010-01-02,17:45,Central,ROBBERY,34,M,Hispanic/Latin/Mexican,SIDEWALK,OTHER KNIFE,Invest Cont,34.0428,-118.2461
100104088,2010-01-02,2010-01-02,17:10,Central,BATTERY WITH SEXUAL CONTACT,47,F,Black,STREET,"STRONG-ARM (HANDS, FIST, FEET OR BODILY FORCE)",Adult Arrest,34.0442,-118.2439
100104095,2010-01-03,2010-01-02,23:00,Central,THEFT PLAIN - PETTY ($950 & UNDER),38,F,Hispanic/Latin/Mexican,SIDEWALK,,Invest Cont,34.0398,-118.2413
100104096,2010-01-03,2010-01-02,17:50,Central,THEFT PLAIN - PETTY ($950 & UNDER),41,M,Hispanic/Latin/Mexican,OTHER BUSINESS,,Invest Cont,34.0505,-118.2381
100104097,2010-01-03,2010-01-02,21:00,Central,ROBBERY,34,M,Hispanic/Latin/Mexican,STREET,"STRONG-ARM (HANDS, FIST, FEET OR BODILY FORCE)",Invest Cont,34.0442,-118.2439
100104098,2010-01-03,2010-01-02,21:40,Central,BATTERY - SIMPLE ASSAULT,51,M,Korean,OTHER BUSINESS,"STRONG-ARM (HANDS, FIST, FEET OR BODILY FORCE)",Invest Cont,34.039,-118.2444
100104099,2010-01-03,2010-01-02,19:50,Central,CRIMINAL THREATS - NO WEAPON DISPLAYED,55,M,Black,"MULTI-UNIT DWELLING (APARTMENT, DUPLEX, ETC)",,Adult Other,34.0423,-118.2452
100104108,2010-01-03,2010-01-01,20:00,Central,VEHICLE - STOLEN,0,X,,STREET,,Invest Cont,34.0606,-118.2439
100104134,2010-01-03,2010-01-03,14:40,Central,BATTERY - SIMPLE ASSAULT,47,M,Hispanic/Latin/Mexican,STREET,"STRONG-ARM (HANDS, FIST, FEET OR BODILY FORCE)",Invest Cont,34.0461,-118.2476
100104135,2010-01-03,2010-01-03,11:00,Central,CRIMINAL THREATS - NO WEAPON DISPLAYED,49,F,Black,SIDEWALK,VERBAL THREAT,Adult Arrest,34.0408,-118.2428
100104144,2010-01-03,2010-01-02,17:45,Central,BURGLARY FROM VEHICLE,43,F,Hispanic/Latin/Mexican,PARKING LOT,,Invest Cont,34.0474,-118.2496
100104146,2010-01-03,2010-01-03,07:15,Central,BATTERY - SIMPLE ASSAULT,30,M,Hispanic/Latin/Mexican,SIDEWALK,"STRONG-ARM (HANDS, FIST, FEET OR BODILY FORCE)",Invest Cont,34.0467,-118.252
100104148,2010-01-04,2010-01-03,12:00,Central,ROBBERY,51,M,Black,SIDEWALK,SCISSORS,Invest Cont,34.0398,-118.2413
100104150,2010-01-04,2010-01-03,23:00,Central,INTIMATE PARTNER - SIMPLE ASSAULT,39,F,Black,SIDEWALK,"STRONG-ARM (HANDS, FIST, FEET OR BODILY FORCE)",Invest Cont,34.0433,-118.2504
100104151,2010-01-04,2010-01-02,11:00,Central,"THEFT-GRAND ($950.01 & OVER)EXCPT,GUNS,FOWL,LIVESTK,PROD",56,F,Other Asian,HOTEL,,Invest Cont,34.0502,-118.254
100104152,2010-01-04,2010-01-03,02:15,Central,ROBBERY,22,M,White,STREET,UNKNOWN WEAPON/OTHER WEAPON,Invest Cont,34.0588,-118.2458
100104153,2010-01-04,2010-01-03,07:00,Central,ROBBERY,43,M,Black,STREET,"STRONG-ARM (HANDS, FIST, FEET OR BODILY FORCE)",Invest Cont,34.0398,-118.2413
100104154,2010-01-04,2010-01-02,22:30,Central,BATTERY - SIMPLE ASSAULT,54,F,White,STREET,"STRONG-ARM (HANDS, FIST, FEET OR BODILY FORCE)",Invest Cont,34.0448,-118.2474
100104155,2010-01-04,2010-01-01,00:30,Central,BATTERY - SIMPLE ASSAULT,27,F,Hispanic/Latin/Mexican,HOTEL,"STRONG-ARM (HANDS, FIST, FEET OR BODILY FORCE)",Invest Cont,34.0535,-118.256
100104162,2010-01-04,2010-01-04,03:30,Central,ROBBERY,22,M,Hispanic/Latin/Mexican,SIDEWALK,SEMI-AUTOMATIC PISTOL,Invest Cont,34.039,-118.24
100104168,2010-01-04,2010-01-04,06:15,Central,ROBBERY,49,M,White,STREET,"STRONG-ARM (HANDS, FIST, FEET OR BODILY FORCE)",Invest Cont,34.0408,-118.2428
100104182,2010-01-05,2010-01-04,14:45,Central,BATTERY - SIMPLE ASSAULT,60,M,Black,HOTEL,"STRONG-ARM (HANDS, FIST, FEET OR BODILY FORCE)",Invest Cont,34.0428,-118.2461
100104183,2010-01-05,2010-01-04,13:00,Central,BATTERY - SIMPLE ASSAULT,29,M,Hispanic/Latin/Mexican,"MULTI-UNIT DWELLING (APARTMENT, DUPLEX, ETC)","STRONG-ARM (HANDS, FIST, FEET OR BODILY FORCE)",Adult Other,34.0515,-118.2424
100104184,2010-01-05,2010-01-04,11:40,Central,"ASSAULT WITH DEADLY WEAPON, AGGRAVATED ASSAULT",55,M,Black,SIDEWALK,CLUB/BAT,Adult Other,34.0423,-118.2452
100115247,2010-07-31,2010-07-30,20:00,Central,BURGLARY FROM VEHICLE,26,M,White,STREET,,Invest Cont,34.0472,-118.2381
100104189,2010-01-05,2010-01-04,16:35,Central,OTHER MISCELLANEOUS CRIME,31,M,White,OTHER BUSINESS,,Invest Cont,34.043,-118.2641
100104190,2010-01-05,2010-01-04,18:15,Central,SHOPLIFTING - PETTY THEFT ($950 & UNDER),31,M,Hispanic/Latin/Mexican,MARKET,,Invest Cont,34.0455,-118.2381
